Angle, TimePerStep, Intensity
30.02,0.5,10
30.04,0.5,8
30.06,0.5,4
30.08,0.5,7
30.1,0.5,5
30.12,0.5,4
30.14,0.5,10
30.16,0.5,7
30.18,0.5,9
30.2,0.5,3
30.22,0.5,6
30.24,0.5,16
30.26,0.5,15
30.28,0.5,11
30.3,0.5,12
30.32,0.5,14
30.34,0.5,10
30.36,0.5,13
30.38,0.5,12
30.4,0.5,13
30.42,0.5,12
30.44,0.5,10
30.46,0.5,9
30.48,0.5,4
30.5,0.5,8
30.52,0.5,12
30.54,0.5,6
30.56,0.5,13
30.58,0.5,15
30.6,0.5,7
30.62,0.5,6
30.64,0.5,9
30.66,0.5,9
30.68,0.5,7
30.7,0.5,8
30.72,0.5,9
30.74,0.5,9
30.76,0.5,12
30.78,0.5,16
30.8,0.5,15
30.82,0.5,10
30.84,0.5,18
30.86,0.5,14
30.88,0.5,16
30.9,0.5,7
30.92,0.5,13
30.94,0.5,12
30.96,0.5,20
30.98,0.5,16
31,0.5,12
31.02,0.5,18
31.04,0.5,16
31.06,0.5,13
31.08,0.5,15
31.1,0.5,18
31.12,0.5,24
31.14,0.5,24
31.16,0.5,20
31.18,0.5,14
31.2,0.5,18
31.22,0.5,26
31.24,0.5,22
31.26,0.5,24
31.28,0.5,31
31.3,0.5,23
31.32,0.5,24
31.34,0.5,42
31.36,0.5,32
31.38,0.5,36
31.4,0.5,31
31.42,0.5,57
31.44,0.5,47
31.46,0.5,65
31.48,0.5,86
31.5,0.5,100
31.52,0.5,116
31.54,0.5,176
31.56,0.5,239
31.58,0.5,367
31.6,0.5,537
31.62,0.5,699
31.64,0.5,934
31.66,0.5,1109
31.68,0.5,1232
31.7,0.5,1203
31.72,0.5,1069
31.74,0.5,813
31.76,0.5,684
31.78,0.5,453
31.8,0.5,359
31.82,0.5,189
31.84,0.5,83
31.86,0.5,47
31.88,0.5,28
31.9,0.5,28
31.92,0.5,18
31.94,0.5,11
31.96,0.5,15
31.98,0.5,15
32,0.5,7
32.02,0.5,12
32.04,0.5,9
32.06,0.5,8
32.08,0.5,12
32.1,0.5,11
32.12,0.5,6
32.14,0.5,9
32.16,0.5,6
32.18,0.5,2
32.2,0.5,9
32.22,0.5,7
32.24,0.5,10
32.26,0.5,9
32.28,0.5,6
32.3,0.5,7
32.32,0.5,5
32.34,0.5,6
32.36,0.5,7
32.38,0.5,7
32.4,0.5,9
32.42,0.5,8
32.44,0.5,7
32.46,0.5,5
32.48,0.5,9
32.5,0.5,8
32.52,0.5,12
32.54,0.5,5
32.56,0.5,9
32.58,0.5,11
32.6,0.5,11
32.62,0.5,5
32.64,0.5,14
32.66,0.5,7
32.68,0.5,9
32.7,0.5,7
32.72,0.5,8
32.74,0.5,3
32.76,0.5,4
32.78,0.5,9
32.8,0.5,8
32.82,0.5,6
32.84,0.5,6
32.86,0.5,12
32.88,0.5,4
32.9,0.5,11
32.92,0.5,10
32.94,0.5,10
32.96,0.5,9
32.98,0.5,4
33,0.5,12
33.02,0.5,8
33.04,0.5,5
33.06,0.5,10
33.08,0.5,7
33.1,0.5,7
33.12,0.5,10
33.14,0.5,10
33.16,0.5,4
33.18,0.5,8
33.2,0.5,10
33.22,0.5,4
33.24,0.5,6
33.26,0.5,5
33.28,0.5,7
33.3,0.5,14
33.32,0.5,6
33.34,0.5,8
33.36,0.5,12
33.38,0.5,9
33.4,0.5,5
33.42,0.5,5
33.44,0.5,9
33.46,0.5,7
33.48,0.5,3
33.5,0.5,12
33.52,0.5,11
33.54,0.5,4
33.56,0.5,9
33.58,0.5,5
33.6,0.5,4
33.62,0.5,7
33.64,0.5,4
33.66,0.5,9
33.68,0.5,6
33.7,0.5,8
33.72,0.5,11
33.74,0.5,5
33.76,0.5,7
33.78,0.5,5
33.8,0.5,11
33.82,0.5,18
33.84,0.5,15
33.86,0.5,14
33.88,0.5,10
33.9,0.5,13
33.92,0.5,12
33.94,0.5,17
33.96,0.5,11
33.98,0.5,15
34,0.5,10
34.02,0.5,11
34.04,0.5,15
34.06,0.5,22
34.08,0.5,15
34.1,0.5,12
34.12,0.5,16
34.14,0.5,24
34.16,0.5,35
34.18,0.5,34
34.2,0.5,58
34.22,0.5,48
34.24,0.5,76
34.26,0.5,124
34.28,0.5,160
34.3,0.5,232
34.32,0.5,296
34.34,0.5,354
34.36,0.5,389
34.38,0.5,412
34.4,0.5,375
34.42,0.5,294
34.44,0.5,232
34.46,0.5,193
34.48,0.5,159
34.5,0.5,103
34.52,0.5,70
34.54,0.5,43
34.56,0.5,26
34.58,0.5,25
34.6,0.5,25
34.62,0.5,18
34.64,0.5,14
34.66,0.5,18
34.68,0.5,14
34.7,0.5,9
34.72,0.5,12
34.74,0.5,11
34.76,0.5,11
34.78,0.5,11
34.8,0.5,18
34.82,0.5,16
34.84,0.5,13
34.86,0.5,16
34.88,0.5,15
34.9,0.5,10
34.92,0.5,13
34.94,0.5,10
34.96,0.5,7
34.98,0.5,12
35,0.5,9
35.02,0.5,6
35.04,0.5,7
35.06,0.5,7
35.08,0.5,5
35.1,0.5,14
35.12,0.5,11
35.14,0.5,11
35.16,0.5,12
35.18,0.5,5
35.2,0.5,13
35.22,0.5,10
35.24,0.5,10
35.26,0.5,10
35.28,0.5,12
35.3,0.5,8
35.32,0.5,16
35.34,0.5,14
35.36,0.5,12
35.38,0.5,22
35.4,0.5,16
35.42,0.5,12
35.44,0.5,19
35.46,0.5,11
35.48,0.5,15
35.5,0.5,18
35.52,0.5,20
35.54,0.5,20
35.56,0.5,13
35.58,0.5,19
35.6,0.5,23
35.62,0.5,19
35.64,0.5,24
35.66,0.5,26
35.68,0.5,26
35.7,0.5,29
35.72,0.5,36
35.74,0.5,36
35.76,0.5,38
35.78,0.5,43
35.8,0.5,26
35.82,0.5,51
35.84,0.5,32
35.86,0.5,41
35.88,0.5,55
35.9,0.5,53
35.92,0.5,51
35.94,0.5,86
35.96,0.5,95
35.98,0.5,110
36,0.5,127
36.02,0.5,173
36.04,0.5,245
36.06,0.5,388
36.08,0.5,539
36.1,0.5,770
36.12,0.5,1079
36.14,0.5,1389
36.16,0.5,1666
36.18,0.5,1853
36.2,0.5,1761
36.22,0.5,1440
36.24,0.5,1131
36.26,0.5,934
36.28,0.5,770
36.3,0.5,588
36.32,0.5,371
36.34,0.5,220
36.36,0.5,97
36.38,0.5,48
36.4,0.5,35
36.42,0.5,18
36.44,0.5,38
36.46,0.5,13
36.48,0.5,15
36.5,0.5,20
36.52,0.5,14
36.54,0.5,10
36.56,0.5,17
36.58,0.5,20
36.6,0.5,13
36.62,0.5,12
36.64,0.5,10
36.66,0.5,5
36.68,0.5,8
36.7,0.5,9
36.72,0.5,8
36.74,0.5,5
36.76,0.5,3
36.78,0.5,10
36.8,0.5,12
36.82,0.5,6
36.84,0.5,10
36.86,0.5,8
36.88,0.5,7
36.9,0.5,13
36.92,0.5,10
36.94,0.5,7
36.96,0.5,11
36.98,0.5,10
37,0.5,4
37.02,0.5,6
37.04,0.5,12
37.06,0.5,6
37.08,0.5,3
37.1,0.5,5
37.12,0.5,4
37.14,0.5,3
37.16,0.5,10
37.18,0.5,6
37.2,0.5,5
37.22,0.5,6
37.24,0.5,3
37.26,0.5,6
37.28,0.5,10
37.3,0.5,5
37.32,0.5,9
37.34,0.5,8
37.36,0.5,2
37.38,0.5,6
37.4,0.5,10
37.42,0.5,3
37.44,0.5,8
37.46,0.5,4
37.48,0.5,10
37.5,0.5,5
37.52,0.5,10
37.54,0.5,8
37.56,0.5,5
37.58,0.5,11
37.6,0.5,3
37.62,0.5,7
37.64,0.5,3
37.66,0.5,5
37.68,0.5,4
37.7,0.5,6
37.72,0.5,3
37.74,0.5,7
37.76,0.5,4
37.78,0.5,2
37.8,0.5,3
37.82,0.5,12
37.84,0.5,8
37.86,0.5,6
37.88,0.5,8
37.9,0.5,3
37.92,0.5,7
37.94,0.5,3
37.96,0.5,10
37.98,0.5,7
38,0.5,7
38.02,0.5,2
38.04,0.5,4
38.06,0.5,4
38.08,0.5,5
38.1,0.5,5
38.12,0.5,3
38.14,0.5,9
38.16,0.5,4
38.18,0.5,8
38.2,0.5,5
38.22,0.5,3
38.24,0.5,2
38.26,0.5,8
38.28,0.5,7
38.3,0.5,3
38.32,0.5,4
38.34,0.5,7
38.36,0.5,9
38.38,0.5,6
38.4,0.5,5
38.42,0.5,3
38.44,0.5,7
38.46,0.5,7
38.48,0.5,2
38.5,0.5,3
38.52,0.5,6
38.54,0.5,5
38.56,0.5,7
38.58,0.5,8
38.6,0.5,1
38.62,0.5,5
38.64,0.5,2
38.66,0.5,1
38.68,0.5,5
38.7,0.5,5
38.72,0.5,2
38.74,0.5,5
38.76,0.5,5
38.78,0.5,2
38.8,0.5,6
38.82,0.5,1
38.84,0.5,4
38.86,0.5,7
38.88,0.5,2
38.9,0.5,5
38.92,0.5,4
38.94,0.5,5
38.96,0.5,14
38.98,0.5,8
39,0.5,5
39.02,0.5,2
39.04,0.5,7
39.06,0.5,2
39.08,0.5,9
39.1,0.5,9
39.12,0.5,8
39.14,0.5,4
39.16,0.5,5
39.18,0.5,5
39.2,0.5,1
39.22,0.5,5
39.24,0.5,6
39.26,0.5,5
39.28,0.5,10
39.3,0.5,11
39.32,0.5,8
39.34,0.5,6
39.36,0.5,7
39.38,0.5,4
39.4,0.5,4
39.42,0.5,6
39.44,0.5,9
39.46,0.5,3
39.48,0.5,5
39.5,0.5,6
39.52,0.5,7
39.54,0.5,2
39.56,0.5,8
39.58,0.5,10
39.6,0.5,5
39.62,0.5,3
39.64,0.5,4
39.66,0.5,7
39.68,0.5,6
39.7,0.5,3
39.72,0.5,6
39.74,0.5,4
39.76,0.5,2
39.78,0.5,6
39.8,0.5,4
39.82,0.5,6
39.84,0.5,3
39.86,0.5,9
39.88,0.5,6
39.9,0.5,7
39.92,0.5,3
39.94,0.5,1
39.96,0.5,4
39.98,0.5,8
40,0.5,2
40.02,0.5,4
40.04,0.5,3
40.06,0.5,8
40.08,0.5,6
40.1,0.5,5
40.12,0.5,3
40.14,0.5,6
40.16,0.5,1
40.18,0.5,6
40.2,0.5,7
40.22,0.5,4
40.24,0.5,3
40.26,0.5,3
40.28,0.5,7
40.3,0.5,4
40.32,0.5,5
40.34,0.5,3
40.36,0.5,2
40.38,0.5,6
40.4,0.5,4
40.42,0.5,10
40.44,0.5,3
40.46,0.5,5
40.48,0.5,8
40.5,0.5,2
40.52,0.5,9
40.54,0.5,4
40.56,0.5,3
40.58,0.5,6
40.6,0.5,5
40.62,0.5,5
40.64,0.5,3
40.66,0.5,3
40.68,0.5,7
40.7,0.5,2
40.72,0.5,4
40.74,0.5,5
40.76,0.5,8
40.78,0.5,6
40.8,0.5,4
40.82,0.5,4
40.84,0.5,1
40.86,0.5,5
40.88,0.5,3
40.9,0.5,6
40.92,0.5,3
40.94,0.5,5
40.96,0.5,3
40.98,0.5,3
41,0.5,5
41.02,0.5,4
41.04,0.5,3
41.06,0.5,2
41.08,0.5,4
41.1,0.5,9
41.12,0.5,5
41.14,0.5,7
41.16,0.5,6
41.18,0.5,5
41.2,0.5,6
41.22,0.5,6
41.24,0.5,5
41.26,0.5,2
41.28,0.5,3
41.3,0.5,9
41.32,0.5,10
41.34,0.5,6
41.36,0.5,9
41.38,0.5,4
41.4,0.5,5
41.42,0.5,8
41.44,0.5,10
41.46,0.5,4
41.48,0.5,8
41.5,0.5,4
41.52,0.5,4
41.54,0.5,4
41.56,0.5,10
41.58,0.5,8
41.6,0.5,3
41.62,0.5,5
41.64,0.5,4
41.66,0.5,6
41.68,0.5,3
41.7,0.5,6
41.72,0.5,6
41.74,0.5,5
41.76,0.5,2
41.78,0.5,5
41.8,0.5,1
41.82,0.5,8
41.84,0.5,4
41.86,0.5,4
41.88,0.5,2
41.9,0.5,6
41.92,0.5,4
41.94,0.5,4
41.96,0.5,4
41.98,0.5,1
42,0.5,6
42.02,0.5,3
42.04,0.5,5
42.06,0.5,3
42.08,0.5,5
42.1,0.5,4
42.12,0.5,5
42.14,0.5,5
42.16,0.5,6
42.18,0.5,7
42.2,0.5,3
42.22,0.5,7
42.24,0.5,9
42.26,0.5,5
42.28,0.5,3
42.3,0.5,3
42.32,0.5,5
42.34,0.5,4
42.36,0.5,3
42.38,0.5,7
42.4,0.5,6
42.42,0.5,3
42.44,0.5,2
42.46,0.5,1
42.48,0.5,3
42.5,0.5,5
42.52,0.5,5
42.54,0.5,4
42.56,0.5,3
42.58,0.5,4
42.6,0.5,3
42.62,0.5,11
42.64,0.5,4
42.66,0.5,5
42.68,0.5,6
42.7,0.5,7
42.72,0.5,11
42.74,0.5,5
42.76,0.5,3
42.78,0.5,5
42.8,0.5,5
42.82,0.5,5
42.84,0.5,5
42.86,0.5,6
42.88,0.5,8
42.9,0.5,3
42.92,0.5,2
42.94,0.5,5
42.96,0.5,5
42.98,0.5,4
43,0.5,9
43.02,0.5,4
43.04,0.5,7
43.06,0.5,6
43.08,0.5,4
43.1,0.5,11
43.12,0.5,8
43.14,0.5,4
43.16,0.5,3
43.18,0.5,2
43.2,0.5,9
43.22,0.5,2
43.24,0.5,3
43.26,0.5,4
43.28,0.5,6
43.3,0.5,8
43.32,0.5,7
43.34,0.5,2
43.36,0.5,5
43.38,0.5,3
43.4,0.5,5
43.42,0.5,3
43.44,0.5,4
43.46,0.5,3
43.48,0.5,4
43.5,0.5,5
43.52,0.5,4
43.54,0.5,2
43.56,0.5,4
43.58,0.5,3
43.6,0.5,5
43.62,0.5,5
43.64,0.5,5
43.66,0.5,6
43.68,0.5,4
43.7,0.5,4
43.72,0.5,4
43.74,0.5,4
43.76,0.5,5
43.78,0.5,3
43.8,0.5,3
43.82,0.5,6
43.84,0.5,10
43.86,0.5,4
43.88,0.5,4
43.9,0.5,2
43.92,0.5,3
43.94,0.5,11
43.96,0.5,2
43.98,0.5,6
44,0.5,3
44.02,0.5,6
44.04,0.5,3
44.06,0.5,4
44.08,0.5,2
44.1,0.5,3
44.12,0.5,4
44.14,0.5,1
44.16,0.5,5
44.18,0.5,3
44.2,0.5,5
44.22,0.5,3
44.24,0.5,10
44.26,0.5,2
44.28,0.5,3
44.3,0.5,3
44.32,0.5,6
44.34,0.5,2
44.36,0.5,1
44.38,0.5,4
44.4,0.5,4
44.42,0.5,3
44.44,0.5,3
44.46,0.5,5
44.48,0.5,5
44.5,0.5,3
44.52,0.5,2
44.54,0.5,5
44.56,0.5,3
44.58,0.5,5
44.6,0.5,6
44.62,0.5,3
44.64,0.5,4
44.66,0.5,4
44.68,0.5,3
44.7,0.5,4
44.72,0.5,4
44.74,0.5,7
44.76,0.5,3
44.78,0.5,5
44.8,0.5,4
44.82,0.5,4
44.84,0.5,7
44.86,0.5,4
44.88,0.5,5
44.9,0.5,5
44.92,0.5,5
44.94,0.5,4
44.96,0.5,7
44.98,0.5,4
45,0.5,9
45.02,0.5,2
45.04,0.5,0
45.06,0.5,2
45.08,0.5,6
45.1,0.5,3
45.12,0.5,3
45.14,0.5,3
45.16,0.5,4
45.18,0.5,3
45.2,0.5,6
45.22,0.5,6
45.24,0.5,5
45.26,0.5,4
45.28,0.5,5
45.3,0.5,5
45.32,0.5,3
45.34,0.5,3
45.36,0.5,5
45.38,0.5,6
45.4,0.5,6
45.42,0.5,5
45.44,0.5,2
45.46,0.5,4
45.48,0.5,3
45.5,0.5,4
45.52,0.5,6
45.54,0.5,5
45.56,0.5,6
45.58,0.5,3
45.6,0.5,5
45.62,0.5,2
45.64,0.5,4
45.66,0.5,6
45.68,0.5,6
45.7,0.5,5
45.72,0.5,4
45.74,0.5,4
45.76,0.5,0
45.78,0.5,5
45.8,0.5,4
45.82,0.5,2
45.84,0.5,7
45.86,0.5,7
45.88,0.5,9
45.9,0.5,4
45.92,0.5,5
45.94,0.5,7
45.96,0.5,5
45.98,0.5,8
46,0.5,5
46.02,0.5,6
46.04,0.5,2
46.06,0.5,3
46.08,0.5,4
46.1,0.5,9
46.12,0.5,4
46.14,0.5,5
46.16,0.5,8
46.18,0.5,5
46.2,0.5,5
46.22,0.5,5
46.24,0.5,8
46.26,0.5,4
46.28,0.5,6
46.3,0.5,3
46.32,0.5,8
46.34,0.5,5
46.36,0.5,4
46.38,0.5,2
46.4,0.5,6
46.42,0.5,3
46.44,0.5,6
46.46,0.5,7
46.48,0.5,7
46.5,0.5,7
46.52,0.5,5
46.54,0.5,7
46.56,0.5,7
46.58,0.5,9
46.6,0.5,5
46.62,0.5,7
46.64,0.5,6
46.66,0.5,4
46.68,0.5,8
46.7,0.5,4
46.72,0.5,5
46.74,0.5,3
46.76,0.5,7
46.78,0.5,6
46.8,0.5,6
46.82,0.5,7
46.84,0.5,9
46.86,0.5,9
46.88,0.5,10
46.9,0.5,9
46.92,0.5,7
46.94,0.5,13
46.96,0.5,6
46.98,0.5,4
47,0.5,5
47.02,0.5,4
47.04,0.5,6
47.06,0.5,8
47.08,0.5,14
47.1,0.5,9
47.12,0.5,7
47.14,0.5,16
47.16,0.5,9
47.18,0.5,8
47.2,0.5,13
47.22,0.5,15
47.24,0.5,8
47.26,0.5,15
47.28,0.5,15
47.3,0.5,16
47.32,0.5,21
47.34,0.5,20
47.36,0.5,43
47.38,0.5,78
47.4,0.5,125
47.42,0.5,150
47.44,0.5,207
47.46,0.5,255
47.48,0.5,341
47.5,0.5,293
47.52,0.5,269
47.54,0.5,235
47.56,0.5,160
47.58,0.5,180
47.6,0.5,159
47.62,0.5,147
47.64,0.5,144
47.66,0.5,95
47.68,0.5,68
47.7,0.5,34
47.72,0.5,20
47.74,0.5,15
47.76,0.5,14
47.78,0.5,10
47.8,0.5,3
47.82,0.5,9
47.84,0.5,2
47.86,0.5,4
47.88,0.5,9
47.9,0.5,4
47.92,0.5,7
47.94,0.5,3
47.96,0.5,7
47.98,0.5,6
48,0.5,7
48.02,0.5,7
48.04,0.5,15
48.06,0.5,2
48.08,0.5,5
48.1,0.5,6
48.12,0.5,5
48.14,0.5,5
48.16,0.5,4
48.18,0.5,5
48.2,0.5,8
48.22,0.5,5
48.24,0.5,7
48.26,0.5,5
48.28,0.5,4
48.3,0.5,1
48.32,0.5,10
48.34,0.5,4
48.36,0.5,4
48.38,0.5,10
48.4,0.5,7
48.42,0.5,6
48.44,0.5,8
48.46,0.5,7
48.48,0.5,6
48.5,0.5,3
48.52,0.5,5
48.54,0.5,6
48.56,0.5,6
48.58,0.5,2
48.6,0.5,7
48.62,0.5,1
48.64,0.5,4
48.66,0.5,4
48.68,0.5,4
48.7,0.5,7
48.72,0.5,7
48.74,0.5,5
48.76,0.5,2
48.78,0.5,4
48.8,0.5,6
48.82,0.5,5
48.84,0.5,6
48.86,0.5,5
48.88,0.5,5
48.9,0.5,11
48.92,0.5,6
48.94,0.5,8
48.96,0.5,5
48.98,0.5,8
49,0.5,5
49.02,0.5,1
49.04,0.5,6
49.06,0.5,5
49.08,0.5,3
49.1,0.5,5
49.12,0.5,5
49.14,0.5,7
49.16,0.5,9
49.18,0.5,7
49.2,0.5,5
49.22,0.5,6
49.24,0.5,3
49.26,0.5,2
49.28,0.5,7
49.3,0.5,2
49.32,0.5,4
49.34,0.5,12
49.36,0.5,3
49.38,0.5,8
49.4,0.5,4
49.42,0.5,4
49.44,0.5,7
49.46,0.5,3
49.48,0.5,9
49.5,0.5,2
49.52,0.5,2
49.54,0.5,6
49.56,0.5,6
49.58,0.5,5
49.6,0.5,6
49.62,0.5,8
49.64,0.5,5
49.66,0.5,6
49.68,0.5,7
49.7,0.5,4
49.72,0.5,3
49.74,0.5,5
49.76,0.5,3
49.78,0.5,7
49.8,0.5,7
49.82,0.5,4
49.84,0.5,4
49.86,0.5,4
49.88,0.5,5
49.9,0.5,4
49.92,0.5,6
49.94,0.5,5
49.96,0.5,5
49.98,0.5,7
50,0.5,5
50.02,0.5,3
50.04,0.5,4
50.06,0.5,3
50.08,0.5,5
50.1,0.5,8
50.12,0.5,9
50.14,0.5,4
50.16,0.5,14
50.18,0.5,10
50.2,0.5,6
50.22,0.5,6
50.24,0.5,5
50.26,0.5,1
50.28,0.5,4
50.3,0.5,3
50.32,0.5,1
50.34,0.5,3
50.36,0.5,7
50.38,0.5,6
50.4,0.5,6
50.42,0.5,4
50.44,0.5,5
50.46,0.5,6
50.48,0.5,6
50.5,0.5,7
50.52,0.5,7
50.54,0.5,5
50.56,0.5,5
50.58,0.5,3
50.6,0.5,11
50.62,0.5,7
50.64,0.5,2
50.66,0.5,3
50.68,0.5,5
50.7,0.5,7
50.72,0.5,9
50.74,0.5,4
50.76,0.5,5
50.78,0.5,4
50.8,0.5,5
50.82,0.5,6
50.84,0.5,4
50.86,0.5,5
50.88,0.5,4
50.9,0.5,2
50.92,0.5,5
50.94,0.5,1
50.96,0.5,2
50.98,0.5,4
51,0.5,2
51.02,0.5,3
51.04,0.5,3
51.06,0.5,5
51.08,0.5,5
51.1,0.5,5
51.12,0.5,4
51.14,0.5,8
51.16,0.5,2
51.18,0.5,3
51.2,0.5,7
51.22,0.5,5
51.24,0.5,4
51.26,0.5,4
51.28,0.5,5
51.3,0.5,2
51.32,0.5,2
51.34,0.5,2
51.36,0.5,5
51.38,0.5,3
51.4,0.5,9
51.42,0.5,6
51.44,0.5,5
51.46,0.5,4
51.48,0.5,4
51.5,0.5,11
51.52,0.5,8
51.54,0.5,1
51.56,0.5,4
51.58,0.5,1
51.6,0.5,5
51.62,0.5,1
51.64,0.5,3
51.66,0.5,1
51.68,0.5,2
51.7,0.5,5
51.72,0.5,9
51.74,0.5,5
51.76,0.5,2
51.78,0.5,3
51.8,0.5,4
51.82,0.5,7
51.84,0.5,3
51.86,0.5,5
51.88,0.5,4
51.9,0.5,8
51.92,0.5,6
51.94,0.5,3
51.96,0.5,3
51.98,0.5,4
52,0.5,4
52.02,0.5,6
52.04,0.5,1
52.06,0.5,3
52.08,0.5,4
52.1,0.5,2
52.12,0.5,7
52.14,0.5,5
52.16,0.5,2
52.18,0.5,5
52.2,0.5,12
52.22,0.5,5
52.24,0.5,6
52.26,0.5,1
52.28,0.5,5
52.3,0.5,6
52.32,0.5,5
52.34,0.5,6
52.36,0.5,4
52.38,0.5,8
52.4,0.5,4
52.42,0.5,2
52.44,0.5,4
52.46,0.5,3
52.48,0.5,4
52.5,0.5,4
52.52,0.5,7
52.54,0.5,5
52.56,0.5,4
52.58,0.5,5
52.6,0.5,2
52.62,0.5,5
52.64,0.5,5
52.66,0.5,2
52.68,0.5,5
52.7,0.5,8
52.72,0.5,5
52.74,0.5,3
52.76,0.5,4
52.78,0.5,3
52.8,0.5,4
52.82,0.5,4
52.84,0.5,3
52.86,0.5,10
52.88,0.5,3
52.9,0.5,5
52.92,0.5,3
52.94,0.5,6
52.96,0.5,3
52.98,0.5,5
53,0.5,5
53.02,0.5,4
53.04,0.5,8
53.06,0.5,7
53.08,0.5,6
53.1,0.5,3
53.12,0.5,4
53.14,0.5,5
53.16,0.5,8
53.18,0.5,3
53.2,0.5,4
53.22,0.5,5
53.24,0.5,4
53.26,0.5,3
53.28,0.5,4
53.3,0.5,12
53.32,0.5,4
53.34,0.5,6
53.36,0.5,8
53.38,0.5,7
53.4,0.5,6
53.42,0.5,4
53.44,0.5,2
53.46,0.5,2
53.48,0.5,7
53.5,0.5,5
53.52,0.5,4
53.54,0.5,8
53.56,0.5,9
53.58,0.5,6
53.6,0.5,6
53.62,0.5,7
53.64,0.5,4
53.66,0.5,5
53.68,0.5,5
53.7,0.5,4
53.72,0.5,6
53.74,0.5,7
53.76,0.5,6
53.78,0.5,9
53.8,0.5,9
53.82,0.5,8
53.84,0.5,4
53.86,0.5,7
53.88,0.5,6
53.9,0.5,8
53.92,0.5,4
53.94,0.5,7
53.96,0.5,5
53.98,0.5,5
54,0.5,12
54.02,0.5,10
54.04,0.5,5
54.06,0.5,6
54.08,0.5,6
54.1,0.5,3
54.12,0.5,7
54.14,0.5,6
54.16,0.5,8
54.18,0.5,7
54.2,0.5,8
54.22,0.5,7
54.24,0.5,6
54.26,0.5,6
54.28,0.5,9
54.3,0.5,10
54.32,0.5,10
54.34,0.5,8
54.36,0.5,6
54.38,0.5,9
54.4,0.5,9
54.42,0.5,3
54.44,0.5,6
54.46,0.5,7
54.48,0.5,3
54.5,0.5,4
54.52,0.5,6
54.54,0.5,8
54.56,0.5,7
54.58,0.5,11
54.6,0.5,2
54.62,0.5,7
54.64,0.5,5
54.66,0.5,3
54.68,0.5,7
54.7,0.5,9
54.72,0.5,12
54.74,0.5,5
54.76,0.5,7
54.78,0.5,7
54.8,0.5,9
54.82,0.5,4
54.84,0.5,7
54.86,0.5,5
54.88,0.5,7
54.9,0.5,5
54.92,0.5,3
54.94,0.5,4
54.96,0.5,8
54.98,0.5,6
55,0.5,3
55.02,0.5,9
55.04,0.5,3
55.06,0.5,8
55.08,0.5,6
55.1,0.5,6
55.12,0.5,9
55.14,0.5,8
55.16,0.5,8
55.18,0.5,8
55.2,0.5,10
55.22,0.5,11
55.24,0.5,10
55.26,0.5,11
55.28,0.5,11
55.3,0.5,8
55.32,0.5,8
55.34,0.5,11
55.36,0.5,7
55.38,0.5,3
55.4,0.5,8
55.42,0.5,10
55.44,0.5,6
55.46,0.5,6
55.48,0.5,10
55.5,0.5,9
55.52,0.5,10
55.54,0.5,6
55.56,0.5,8
55.58,0.5,10
55.6,0.5,10
55.62,0.5,5
55.64,0.5,7
55.66,0.5,5
55.68,0.5,4
55.7,0.5,5
55.72,0.5,12
55.74,0.5,4
55.76,0.5,4
55.78,0.5,3
55.8,0.5,9
55.82,0.5,12
55.84,0.5,10
55.86,0.5,6
55.88,0.5,10
55.9,0.5,9
55.92,0.5,14
55.94,0.5,12
55.96,0.5,10
55.98,0.5,9
56,0.5,15
56.02,0.5,10
56.04,0.5,12
56.06,0.5,11
56.08,0.5,21
56.1,0.5,11
56.12,0.5,20
56.14,0.5,20
56.16,0.5,25
56.18,0.5,24
56.2,0.5,27
56.22,0.5,31
56.24,0.5,21
56.26,0.5,26
56.28,0.5,33
56.3,0.5,30
56.32,0.5,35
56.34,0.5,42
56.36,0.5,61
56.38,0.5,89
56.4,0.5,119
56.42,0.5,202
56.44,0.5,288
56.46,0.5,392
56.48,0.5,507
56.5,0.5,574
56.52,0.5,643
56.54,0.5,685
56.56,0.5,577
56.58,0.5,472
56.6,0.5,382
56.62,0.5,316
56.64,0.5,258
56.66,0.5,286
56.68,0.5,270
56.7,0.5,246
56.72,0.5,213
56.74,0.5,153
56.76,0.5,98
56.78,0.5,51
56.8,0.5,32
56.82,0.5,29
56.84,0.5,18
56.86,0.5,13
56.88,0.5,15
56.9,0.5,13
56.92,0.5,6
56.94,0.5,10
56.96,0.5,11
56.98,0.5,6
57,0.5,9
57.02,0.5,12
57.04,0.5,14
57.06,0.5,8
57.08,0.5,7
57.1,0.5,4
57.12,0.5,7
57.14,0.5,7
57.16,0.5,10
57.18,0.5,5
57.2,0.5,8
57.22,0.5,9
57.24,0.5,7
57.26,0.5,7
57.28,0.5,5
57.3,0.5,9
57.32,0.5,4
57.34,0.5,4
57.36,0.5,6
57.38,0.5,2
57.4,0.5,6
57.42,0.5,10
57.44,0.5,5
57.46,0.5,6
57.48,0.5,3
57.5,0.5,10
57.52,0.5,6
57.54,0.5,8
57.56,0.5,7
57.58,0.5,6
57.6,0.5,9
57.62,0.5,5
57.64,0.5,3
57.66,0.5,1
57.68,0.5,8
57.7,0.5,9
57.72,0.5,5
57.74,0.5,8
57.76,0.5,10
57.78,0.5,7
57.8,0.5,8
57.82,0.5,11
57.84,0.5,7
57.86,0.5,10
57.88,0.5,10
57.9,0.5,5
57.92,0.5,6
57.94,0.5,5
57.96,0.5,2
57.98,0.5,4
58,0.5,4
58.02,0.5,5
58.04,0.5,9
58.06,0.5,4
58.08,0.5,9
58.1,0.5,2
58.12,0.5,7
58.14,0.5,2
58.16,0.5,6
58.18,0.5,5
58.2,0.5,6
58.22,0.5,5
58.24,0.5,7
58.26,0.5,4
58.28,0.5,4
58.3,0.5,8
58.32,0.5,7
58.34,0.5,4
58.36,0.5,3
58.38,0.5,5
58.4,0.5,8
58.42,0.5,4
58.44,0.5,9
58.46,0.5,7
58.48,0.5,5
58.5,0.5,4
58.52,0.5,6
58.54,0.5,9
58.56,0.5,2
58.58,0.5,2
58.6,0.5,5
58.62,0.5,9
58.64,0.5,6
58.66,0.5,9
58.68,0.5,4
58.7,0.5,2
58.72,0.5,9
58.74,0.5,7
58.76,0.5,3
58.78,0.5,6
58.8,0.5,4
58.82,0.5,6
58.84,0.5,7
58.86,0.5,6
58.88,0.5,10
58.9,0.5,5
58.92,0.5,2
58.94,0.5,5
58.96,0.5,6
58.98,0.5,4
59,0.5,5
59.02,0.5,6
59.04,0.5,5
59.06,0.5,10
59.08,0.5,6
59.1,0.5,10
59.12,0.5,8
59.14,0.5,7
59.16,0.5,5
59.18,0.5,5
59.2,0.5,7
59.22,0.5,5
59.24,0.5,4
59.26,0.5,6
59.28,0.5,4
59.3,0.5,9
59.32,0.5,9
59.34,0.5,6
59.36,0.5,6
59.38,0.5,4
59.4,0.5,4
59.42,0.5,3
59.44,0.5,7
59.46,0.5,5
59.48,0.5,9
59.5,0.5,1
59.52,0.5,10
59.54,0.5,3
59.56,0.5,9
59.58,0.5,5
59.6,0.5,10
59.62,0.5,2
59.64,0.5,6
59.66,0.5,5
59.68,0.5,9
59.7,0.5,7
59.72,0.5,8
59.74,0.5,5
59.76,0.5,4
59.78,0.5,3
59.8,0.5,6
59.82,0.5,5
59.84,0.5,8
59.86,0.5,8
59.88,0.5,4
59.9,0.5,7
59.92,0.5,8
59.94,0.5,5
59.96,0.5,4
59.98,0.5,9
60,0.5,7
60.02,0.5,6
60.04,0.5,7
60.06,0.5,6
60.08,0.5,4
60.1,0.5,6
60.12,0.5,9
60.14,0.5,5
60.16,0.5,7
60.18,0.5,8
60.2,0.5,6
60.22,0.5,0
60.24,0.5,9
60.26,0.5,4
60.28,0.5,4
60.3,0.5,3
60.32,0.5,3
60.34,0.5,5
60.36,0.5,10
60.38,0.5,4
60.4,0.5,5
60.42,0.5,8
60.44,0.5,10
60.46,0.5,5
60.48,0.5,7
60.5,0.5,4
60.52,0.5,5
60.54,0.5,4
60.56,0.5,7
60.58,0.5,12
60.6,0.5,11
60.62,0.5,10
60.64,0.5,8
60.66,0.5,7
60.68,0.5,9
60.7,0.5,5
60.72,0.5,4
60.74,0.5,6
60.76,0.5,9
60.78,0.5,10
60.8,0.5,1
60.82,0.5,8
60.84,0.5,7
60.86,0.5,6
60.88,0.5,10
60.9,0.5,9
60.92,0.5,7
60.94,0.5,6
60.96,0.5,10
60.98,0.5,10
61,0.5,12
61.02,0.5,6
61.04,0.5,10
61.06,0.5,9
61.08,0.5,3
61.1,0.5,2
61.12,0.5,7
61.14,0.5,10
61.16,0.5,6
61.18,0.5,6
61.2,0.5,6
61.22,0.5,3
61.24,0.5,12
61.26,0.5,9
61.28,0.5,3
61.3,0.5,6
61.32,0.5,5
61.34,0.5,6
61.36,0.5,13
61.38,0.5,8
61.4,0.5,6
61.42,0.5,6
61.44,0.5,8
61.46,0.5,7
61.48,0.5,6
61.5,0.5,7
61.52,0.5,10
61.54,0.5,6
61.56,0.5,9
61.58,0.5,3
61.6,0.5,6
61.62,0.5,6
61.64,0.5,8
61.66,0.5,9
61.68,0.5,6
61.7,0.5,6
61.72,0.5,11
61.74,0.5,6
61.76,0.5,6
61.78,0.5,9
61.8,0.5,3
61.82,0.5,10
61.84,0.5,7
61.86,0.5,9
61.88,0.5,6
61.9,0.5,7
61.92,0.5,4
61.94,0.5,7
61.96,0.5,6
61.98,0.5,6
62,0.5,6
62.02,0.5,5
62.04,0.5,11
62.06,0.5,11
62.08,0.5,5
62.1,0.5,4
62.12,0.5,5
62.14,0.5,10
62.16,0.5,2
62.18,0.5,5
62.2,0.5,7
62.22,0.5,6
62.24,0.5,8
62.26,0.5,14
62.28,0.5,7
62.3,0.5,11
62.32,0.5,12
62.34,0.5,12
62.36,0.5,7
62.38,0.5,15
62.4,0.5,15
62.42,0.5,10
62.44,0.5,10
62.46,0.5,12
62.48,0.5,7
62.5,0.5,16
62.52,0.5,17
62.54,0.5,15
62.56,0.5,13
62.58,0.5,11
62.6,0.5,17
62.62,0.5,17
62.64,0.5,23
62.66,0.5,19
62.68,0.5,27
62.7,0.5,41
62.72,0.5,43
62.74,0.5,85
62.76,0.5,110
62.78,0.5,150
62.8,0.5,207
62.82,0.5,255
62.84,0.5,295
62.86,0.5,332
62.88,0.5,229
62.9,0.5,264
62.92,0.5,193
62.94,0.5,146
62.96,0.5,124
62.98,0.5,122
63,0.5,145
63.02,0.5,145
63.04,0.5,154
63.06,0.5,105
63.08,0.5,96
63.1,0.5,64
63.12,0.5,47
63.14,0.5,28
63.16,0.5,22
63.18,0.5,18
63.2,0.5,17
63.22,0.5,9
63.24,0.5,7
63.26,0.5,11
63.28,0.5,7
63.3,0.5,9
63.32,0.5,10
63.34,0.5,5
63.36,0.5,8
63.38,0.5,3
63.4,0.5,7
63.42,0.5,8
63.44,0.5,5
63.46,0.5,7
63.48,0.5,9
63.5,0.5,12
63.52,0.5,5
63.54,0.5,3
63.56,0.5,7
63.58,0.5,3
63.6,0.5,1
63.62,0.5,2
63.64,0.5,10
63.66,0.5,9
63.68,0.5,3
63.7,0.5,11
63.72,0.5,9
63.74,0.5,3
63.76,0.5,3
63.78,0.5,11
63.8,0.5,1
63.82,0.5,6
63.84,0.5,6
63.86,0.5,14
63.88,0.5,9
63.9,0.5,5
63.92,0.5,4
63.94,0.5,8
63.96,0.5,8
63.98,0.5,2
64,0.5,7
64.02,0.5,6
64.04,0.5,3
64.06,0.5,4
64.08,0.5,4
64.1,0.5,3
64.12,0.5,3
64.14,0.5,2
64.16,0.5,11
64.18,0.5,8
64.2,0.5,7
64.22,0.5,4
64.24,0.5,8
64.26,0.5,7
64.28,0.5,10
64.3,0.5,9
64.32,0.5,3
64.34,0.5,5
64.36,0.5,9
64.38,0.5,6
64.4,0.5,7
64.42,0.5,8
64.44,0.5,8
64.46,0.5,5
64.48,0.5,5
64.5,0.5,7
64.52,0.5,7
64.54,0.5,7
64.56,0.5,2
64.58,0.5,3
64.6,0.5,10
64.62,0.5,5
64.64,0.5,5
64.66,0.5,6
64.68,0.5,7
64.7,0.5,6
64.72,0.5,7
64.74,0.5,6
64.76,0.5,7
64.78,0.5,3
64.8,0.5,0
64.82,0.5,5
64.84,0.5,10
64.86,0.5,5
64.88,0.5,5
64.9,0.5,3
64.92,0.5,7
64.94,0.5,10
64.96,0.5,7
64.98,0.5,7
65,0.5,8
65.02,0.5,5
65.04,0.5,5
65.06,0.5,6
65.08,0.5,8
65.1,0.5,5
65.12,0.5,7
65.14,0.5,7
65.16,0.5,6
65.18,0.5,9
65.2,0.5,11
65.22,0.5,5
65.24,0.5,2
65.26,0.5,1
65.28,0.5,6
65.3,0.5,6
65.32,0.5,7
65.34,0.5,7
65.36,0.5,5
65.38,0.5,7
65.4,0.5,8
65.42,0.5,8
65.44,0.5,10
65.46,0.5,5
65.48,0.5,10
65.5,0.5,7
65.52,0.5,5
65.54,0.5,5
65.56,0.5,7
65.58,0.5,6
65.6,0.5,3
65.62,0.5,9
65.64,0.5,7
65.66,0.5,11
65.68,0.5,8
65.7,0.5,7
65.72,0.5,5
65.74,0.5,13
65.76,0.5,8
65.78,0.5,6
65.8,0.5,10
65.82,0.5,6
65.84,0.5,7
65.86,0.5,7
65.88,0.5,11
65.9,0.5,7
65.92,0.5,12
65.94,0.5,8
65.96,0.5,6
65.98,0.5,8
66,0.5,10
66.02,0.5,20
66.04,0.5,9
66.06,0.5,6
66.08,0.5,14
66.1,0.5,7
66.12,0.5,16
66.14,0.5,15
66.16,0.5,12
66.18,0.5,25
66.2,0.5,24
66.22,0.5,42
66.24,0.5,49
66.26,0.5,69
66.28,0.5,90
66.3,0.5,90
66.32,0.5,99
66.34,0.5,97
66.36,0.5,70
66.38,0.5,60
66.4,0.5,51
66.42,0.5,43
66.44,0.5,42
66.46,0.5,43
66.48,0.5,33
66.5,0.5,58
66.52,0.5,69
66.54,0.5,47
66.56,0.5,30
66.58,0.5,28
66.6,0.5,16
66.62,0.5,14
66.64,0.5,6
66.66,0.5,11
66.68,0.5,7
66.7,0.5,11
66.72,0.5,8
66.74,0.5,5
66.76,0.5,7
66.78,0.5,10
66.8,0.5,9
66.82,0.5,7
66.84,0.5,11
66.86,0.5,5
66.88,0.5,7
66.9,0.5,12
66.92,0.5,7
66.94,0.5,11
66.96,0.5,10
66.98,0.5,9
67,0.5,4
67.02,0.5,5
67.04,0.5,12
67.06,0.5,8
67.08,0.5,9
67.1,0.5,10
67.12,0.5,6
67.14,0.5,8
67.16,0.5,10
67.18,0.5,5
67.2,0.5,9
67.22,0.5,7
67.24,0.5,8
67.26,0.5,6
67.28,0.5,11
67.3,0.5,8
67.32,0.5,7
67.34,0.5,8
67.36,0.5,13
67.38,0.5,12
67.4,0.5,9
67.42,0.5,6
67.44,0.5,9
67.46,0.5,19
67.48,0.5,17
67.5,0.5,12
67.52,0.5,15
67.54,0.5,22
67.56,0.5,13
67.58,0.5,17
67.6,0.5,19
67.62,0.5,16
67.64,0.5,13
67.66,0.5,27
67.68,0.5,19
67.7,0.5,15
67.72,0.5,31
67.74,0.5,16
67.76,0.5,49
67.78,0.5,90
67.8,0.5,99
67.82,0.5,145
67.84,0.5,232
67.86,0.5,268
67.88,0.5,368
67.9,0.5,349
67.92,0.5,390
67.94,0.5,363
67.96,0.5,305
67.98,0.5,242
68,0.5,205
68.02,0.5,180
68.04,0.5,176
68.06,0.5,161
68.08,0.5,169
68.1,0.5,197
68.12,0.5,170
68.14,0.5,149
68.16,0.5,142
68.18,0.5,87
68.2,0.5,59
68.22,0.5,46
68.24,0.5,42
68.26,0.5,30
68.28,0.5,13
68.3,0.5,19
68.32,0.5,14
68.34,0.5,9
68.36,0.5,10
68.38,0.5,8
68.4,0.5,14
68.42,0.5,6
68.44,0.5,10
68.46,0.5,10
68.48,0.5,9
68.5,0.5,10
68.52,0.5,8
68.54,0.5,6
68.56,0.5,11
68.58,0.5,9
68.6,0.5,7
68.62,0.5,8
68.64,0.5,12
68.66,0.5,11
68.68,0.5,16
68.7,0.5,9
68.72,0.5,12
68.74,0.5,18
68.76,0.5,21
68.78,0.5,21
68.8,0.5,14
68.82,0.5,19
68.84,0.5,16
68.86,0.5,26
68.88,0.5,24
68.9,0.5,57
68.92,0.5,56
68.94,0.5,79
68.96,0.5,104
68.98,0.5,176
69,0.5,168
69.02,0.5,228
69.04,0.5,205
69.06,0.5,208
69.08,0.5,196
69.1,0.5,146
69.12,0.5,97
69.14,0.5,93
69.16,0.5,84
69.18,0.5,95
69.2,0.5,103
69.22,0.5,108
69.24,0.5,106
69.26,0.5,90
69.28,0.5,67
69.3,0.5,60
69.32,0.5,42
69.34,0.5,34
69.36,0.5,22
69.38,0.5,14
69.4,0.5,10
69.42,0.5,9
69.44,0.5,8
69.46,0.5,8
69.48,0.5,6
69.5,0.5,8
69.52,0.5,5
69.54,0.5,6
69.56,0.5,4
69.58,0.5,8
69.6,0.5,5
69.62,0.5,6
69.64,0.5,7
69.66,0.5,3
69.68,0.5,3
69.7,0.5,12
69.72,0.5,8
69.74,0.5,5
69.76,0.5,5
69.78,0.5,4
69.8,0.5,7
69.82,0.5,6
69.84,0.5,5
69.86,0.5,2
69.88,0.5,5
69.9,0.5,5
69.92,0.5,7
69.94,0.5,7
69.96,0.5,12
69.98,0.5,3
70,0.5,10
70.02,0.5,3
70.04,0.5,7
70.06,0.5,6
70.08,0.5,9
70.1,0.5,3
70.12,0.5,7
70.14,0.5,5
70.16,0.5,6
70.18,0.5,8
70.2,0.5,6
70.22,0.5,5
70.24,0.5,4
70.26,0.5,5
70.28,0.5,3
70.3,0.5,5
70.32,0.5,8
70.34,0.5,9
70.36,0.5,2
70.38,0.5,3
70.4,0.5,4
70.42,0.5,8
70.44,0.5,1
70.46,0.5,5
70.48,0.5,9
70.5,0.5,8
70.52,0.5,6
70.54,0.5,6
70.56,0.5,3
70.58,0.5,6
70.6,0.5,4
70.62,0.5,4
70.64,0.5,5
70.66,0.5,9
70.68,0.5,5
70.7,0.5,4
70.72,0.5,4
70.74,0.5,4
70.76,0.5,5
70.78,0.5,2
70.8,0.5,7
70.82,0.5,6
70.84,0.5,6
70.86,0.5,6
70.88,0.5,5
70.9,0.5,7
70.92,0.5,3
70.94,0.5,6
70.96,0.5,6
70.98,0.5,5
71,0.5,6
71.02,0.5,3
71.04,0.5,6
71.06,0.5,1
71.08,0.5,7
71.1,0.5,7
71.12,0.5,0
71.14,0.5,1
71.16,0.5,7
71.18,0.5,5
71.2,0.5,2
71.22,0.5,6
71.24,0.5,6
71.26,0.5,5
71.28,0.5,8
71.3,0.5,3
71.32,0.5,8
71.34,0.5,4
71.36,0.5,5
71.38,0.5,4
71.4,0.5,6
71.42,0.5,2
71.44,0.5,6
71.46,0.5,6
71.48,0.5,2
71.5,0.5,3
71.52,0.5,2
71.54,0.5,1
71.56,0.5,9
71.58,0.5,7
71.6,0.5,6
71.62,0.5,3
71.64,0.5,5
71.66,0.5,7
71.68,0.5,6
71.7,0.5,6
71.72,0.5,5
71.74,0.5,5
71.76,0.5,7
71.78,0.5,6
71.8,0.5,6
71.82,0.5,7
71.84,0.5,5
71.86,0.5,7
71.88,0.5,4
71.9,0.5,8
71.92,0.5,6
71.94,0.5,7
71.96,0.5,6
71.98,0.5,6
72,0.5,4
72.02,0.5,7
72.04,0.5,6
72.06,0.5,2
72.08,0.5,7
72.1,0.5,9
72.12,0.5,2
72.14,0.5,6
72.16,0.5,5
72.18,0.5,7
72.2,0.5,3
72.22,0.5,5
72.24,0.5,6
72.26,0.5,4
72.28,0.5,1
72.3,0.5,2
72.32,0.5,6
72.34,0.5,6
72.36,0.5,7
72.38,0.5,3
72.4,0.5,5
72.42,0.5,4
72.44,0.5,4
72.46,0.5,4
72.48,0.5,7
72.5,0.5,8
72.52,0.5,13
72.54,0.5,12
72.56,0.5,18
72.58,0.5,21
72.6,0.5,24
72.62,0.5,24
72.64,0.5,24
72.66,0.5,26
72.68,0.5,8
72.7,0.5,16
72.72,0.5,11
72.74,0.5,12
72.76,0.5,13
72.78,0.5,13
72.8,0.5,15
72.82,0.5,6
72.84,0.5,9
72.86,0.5,15
72.88,0.5,8
72.9,0.5,5
72.92,0.5,7
72.94,0.5,8
72.96,0.5,6
72.98,0.5,3
73,0.5,8
73.02,0.5,3
73.04,0.5,10
73.06,0.5,11
73.08,0.5,4
73.1,0.5,2
73.12,0.5,5
73.14,0.5,7
73.16,0.5,6
73.18,0.5,5
73.2,0.5,2
73.22,0.5,2
73.24,0.5,3
73.26,0.5,10
73.28,0.5,4
73.3,0.5,5
73.32,0.5,5
73.34,0.5,6
73.36,0.5,1
73.38,0.5,2
73.4,0.5,2
73.42,0.5,2
73.44,0.5,3
73.46,0.5,3
73.48,0.5,0
73.5,0.5,7
73.52,0.5,8
73.54,0.5,3
73.56,0.5,3
73.58,0.5,4
73.6,0.5,7
73.62,0.5,4
73.64,0.5,3
73.66,0.5,5
73.68,0.5,7
73.7,0.5,6
73.72,0.5,5
73.74,0.5,4
73.76,0.5,6
73.78,0.5,3
73.8,0.5,3
73.82,0.5,7
73.84,0.5,9
73.86,0.5,5
73.88,0.5,2
73.9,0.5,4
73.92,0.5,3
73.94,0.5,10
73.96,0.5,8
73.98,0.5,4
74,0.5,3
74.02,0.5,1
74.04,0.5,5
74.06,0.5,5
74.08,0.5,6
74.1,0.5,7
74.12,0.5,2
74.14,0.5,5
74.16,0.5,4
74.18,0.5,6
74.2,0.5,3
74.22,0.5,5
74.24,0.5,4
74.26,0.5,7
74.28,0.5,6
74.3,0.5,1
74.32,0.5,6
74.34,0.5,8
74.36,0.5,7
74.38,0.5,6
74.4,0.5,5
74.42,0.5,7
74.44,0.5,5
74.46,0.5,3
74.48,0.5,6
74.5,0.5,5
74.52,0.5,5
74.54,0.5,9
74.56,0.5,10
74.58,0.5,2
74.6,0.5,6
74.62,0.5,3
74.64,0.5,4
74.66,0.5,5
74.68,0.5,5
74.7,0.5,3
74.72,0.5,7
74.74,0.5,4
74.76,0.5,4
74.78,0.5,7
74.8,0.5,2
74.82,0.5,4
74.84,0.5,4
74.86,0.5,2
74.88,0.5,3
74.9,0.5,4
74.92,0.5,7
74.94,0.5,3
74.96,0.5,0
74.98,0.5,0
75,0.5,6
75.02,0.5,3
75.04,0.5,4
75.06,0.5,10
75.08,0.5,6
75.1,0.5,3
75.12,0.5,3
75.14,0.5,9
75.16,0.5,2
75.18,0.5,7
75.2,0.5,7
75.22,0.5,3
75.24,0.5,7
75.26,0.5,3
75.28,0.5,5
75.3,0.5,4
75.32,0.5,3
75.34,0.5,4
75.36,0.5,5
75.38,0.5,6
75.4,0.5,4
75.42,0.5,9
75.44,0.5,3
75.46,0.5,8
75.48,0.5,3
75.5,0.5,9
75.52,0.5,1
75.54,0.5,6
75.56,0.5,4
75.58,0.5,6
75.6,0.5,4
75.62,0.5,6
75.64,0.5,4
75.66,0.5,5
75.68,0.5,6
75.7,0.5,4
75.72,0.5,1
75.74,0.5,6
75.76,0.5,3
75.78,0.5,2
75.8,0.5,4
75.82,0.5,2
75.84,0.5,5
75.86,0.5,7
75.88,0.5,1
75.9,0.5,5
75.92,0.5,2
75.94,0.5,9
75.96,0.5,1
75.98,0.5,2
76,0.5,3
76.02,0.5,5
76.04,0.5,6
76.06,0.5,4
76.08,0.5,5
76.1,0.5,4
76.12,0.5,6
76.14,0.5,5
76.16,0.5,7
76.18,0.5,9
76.2,0.5,4
76.22,0.5,7
76.24,0.5,2
76.26,0.5,7
76.28,0.5,4
76.3,0.5,6
76.32,0.5,7
76.34,0.5,8
76.36,0.5,5
76.38,0.5,4
76.4,0.5,5
76.42,0.5,6
76.44,0.5,5
76.46,0.5,9
76.48,0.5,6
76.5,0.5,4
76.52,0.5,12
76.54,0.5,3
76.56,0.5,6
76.58,0.5,6
76.6,0.5,6
76.62,0.5,7
76.64,0.5,5
76.66,0.5,6
76.68,0.5,6
76.7,0.5,6
76.72,0.5,8
76.74,0.5,9
76.76,0.5,13
76.78,0.5,12
76.8,0.5,21
76.82,0.5,27
76.84,0.5,33
76.86,0.5,53
76.88,0.5,67
76.9,0.5,53
76.92,0.5,58
76.94,0.5,70
76.96,0.5,50
76.98,0.5,58
77,0.5,54
77.02,0.5,35
77.04,0.5,28
77.06,0.5,23
77.08,0.5,32
77.1,0.5,26
77.12,0.5,26
77.14,0.5,31
77.16,0.5,34
77.18,0.5,32
77.2,0.5,29
77.22,0.5,20
77.24,0.5,27
77.26,0.5,15
77.28,0.5,11
77.3,0.5,5
77.32,0.5,7
77.34,0.5,12
77.36,0.5,8
77.38,0.5,9
77.4,0.5,7
77.42,0.5,4
77.44,0.5,11
77.46,0.5,2
77.48,0.5,3
77.5,0.5,4
77.52,0.5,9
77.54,0.5,6
77.56,0.5,3
77.58,0.5,2
77.6,0.5,11
77.62,0.5,4
77.64,0.5,8
77.66,0.5,2
77.68,0.5,2
77.7,0.5,6
77.72,0.5,6
77.74,0.5,7
77.76,0.5,6
77.78,0.5,6
77.8,0.5,6
77.82,0.5,4
77.84,0.5,7
77.86,0.5,5
77.88,0.5,7
77.9,0.5,3
77.92,0.5,3
77.94,0.5,5
77.96,0.5,5
77.98,0.5,6
78,0.5,5
78.02,0.5,5
78.04,0.5,4
78.06,0.5,1
78.08,0.5,8
78.1,0.5,6
78.12,0.5,7
78.14,0.5,5
78.16,0.5,8
78.18,0.5,1
78.2,0.5,7
78.22,0.5,4
78.24,0.5,3
78.26,0.5,3
78.28,0.5,0
78.3,0.5,6
78.32,0.5,2
78.34,0.5,6
78.36,0.5,4
78.38,0.5,5
78.4,0.5,3
78.42,0.5,0
78.44,0.5,6
78.46,0.5,5
78.48,0.5,6
78.5,0.5,4
78.52,0.5,4
78.54,0.5,3
78.56,0.5,3
78.58,0.5,3
78.6,0.5,3
78.62,0.5,6
78.64,0.5,5
78.66,0.5,9
78.68,0.5,4
78.7,0.5,6
78.72,0.5,4
78.74,0.5,4
78.76,0.5,5
78.78,0.5,3
78.8,0.5,4
78.82,0.5,7
78.84,0.5,5
78.86,0.5,0
78.88,0.5,4
78.9,0.5,5
78.92,0.5,4
78.94,0.5,6
78.96,0.5,4
78.98,0.5,5
79,0.5,2
79.02,0.5,7
79.04,0.5,9
79.06,0.5,10
79.08,0.5,7
79.1,0.5,1
79.12,0.5,4
79.14,0.5,4
79.16,0.5,7
79.18,0.5,4
79.2,0.5,6
79.22,0.5,2
79.24,0.5,3
79.26,0.5,2
79.28,0.5,1
79.3,0.5,6
79.32,0.5,5
79.34,0.5,3
79.36,0.5,5
79.38,0.5,7
79.4,0.5,5
79.42,0.5,5
79.44,0.5,7
79.46,0.5,2
79.48,0.5,8
79.5,0.5,6
79.52,0.5,4
79.54,0.5,10
79.56,0.5,5
79.58,0.5,4
79.6,0.5,9
79.62,0.5,4
79.64,0.5,2
79.66,0.5,5
79.68,0.5,6
79.7,0.5,5
79.72,0.5,3
79.74,0.5,4
79.76,0.5,5
79.78,0.5,6
79.8,0.5,3
79.82,0.5,6
79.84,0.5,4
79.86,0.5,4
79.88,0.5,6
79.9,0.5,5
79.92,0.5,2
79.94,0.5,11
79.96,0.5,4
79.98,0.5,1
80,0.5,5
80.02,0.5,2
80.04,0.5,5
80.06,0.5,4
80.08,0.5,2
80.1,0.5,4
80.12,0.5,3
80.14,0.5,2
80.16,0.5,6
80.18,0.5,3
80.2,0.5,4
80.22,0.5,8
80.24,0.5,2
80.26,0.5,5
80.28,0.5,9
80.3,0.5,5
80.32,0.5,5
80.34,0.5,3
80.36,0.5,3
80.38,0.5,1
80.4,0.5,6
80.42,0.5,4
80.44,0.5,7
80.46,0.5,3
80.48,0.5,6
80.5,0.5,5
80.52,0.5,6
80.54,0.5,2
80.56,0.5,6
80.58,0.5,7
80.6,0.5,6
80.62,0.5,8
80.64,0.5,3
80.66,0.5,2
80.68,0.5,2
80.7,0.5,3
80.72,0.5,10
80.74,0.5,8
80.76,0.5,6
80.78,0.5,9
80.8,0.5,4
80.82,0.5,2
80.84,0.5,5
80.86,0.5,6
80.88,0.5,6
80.9,0.5,5
80.92,0.5,3
80.94,0.5,3
80.96,0.5,7
80.98,0.5,4
81,0.5,6
81.02,0.5,5
81.04,0.5,11
81.06,0.5,7
81.08,0.5,5
81.1,0.5,7
81.12,0.5,6
81.14,0.5,6
81.16,0.5,5
81.18,0.5,10
81.2,0.5,11
81.22,0.5,10
81.24,0.5,5
81.26,0.5,8
81.28,0.5,9
81.3,0.5,8
81.32,0.5,9
81.34,0.5,15
81.36,0.5,10
81.38,0.5,20
81.4,0.5,20
81.42,0.5,24
81.44,0.5,30
81.46,0.5,17
81.48,0.5,17
81.5,0.5,23
81.52,0.5,9
81.54,0.5,15
81.56,0.5,7
81.58,0.5,11
81.6,0.5,7
81.62,0.5,13
81.64,0.5,21
81.66,0.5,7
81.68,0.5,12
81.7,0.5,11
81.72,0.5,19
81.74,0.5,16
81.76,0.5,10
81.78,0.5,6
81.8,0.5,8
81.82,0.5,10
81.84,0.5,3
81.86,0.5,4
81.88,0.5,6
81.9,0.5,4
81.92,0.5,8
81.94,0.5,4
81.96,0.5,3
81.98,0.5,2
82,0.5,4
82.02,0.5,2
82.04,0.5,3
82.06,0.5,6
82.08,0.5,5
82.1,0.5,6
82.12,0.5,10
82.14,0.5,7
82.16,0.5,5
82.18,0.5,1
82.2,0.5,2
82.22,0.5,6
82.24,0.5,4
82.26,0.5,1
82.28,0.5,2
82.3,0.5,2
82.32,0.5,5
82.34,0.5,7
82.36,0.5,2
82.38,0.5,5
82.4,0.5,3
82.42,0.5,7
82.44,0.5,2
82.46,0.5,2
82.48,0.5,4
82.5,0.5,9
82.52,0.5,5
82.54,0.5,0
82.56,0.5,6
82.58,0.5,6
82.6,0.5,3
82.62,0.5,3
82.64,0.5,2
82.66,0.5,3
82.68,0.5,2
82.7,0.5,6
82.72,0.5,5
82.74,0.5,2
82.76,0.5,5
82.78,0.5,4
82.8,0.5,4
82.82,0.5,2
82.84,0.5,7
82.86,0.5,8
82.88,0.5,9
82.9,0.5,5
82.92,0.5,5
82.94,0.5,6
82.96,0.5,14
82.98,0.5,8
83,0.5,5
83.02,0.5,5
83.04,0.5,3
83.06,0.5,4
83.08,0.5,3
83.1,0.5,3
83.12,0.5,7
83.14,0.5,7
83.16,0.5,4
83.18,0.5,3
83.2,0.5,4
83.22,0.5,9
83.24,0.5,4
83.26,0.5,4
83.28,0.5,4
83.3,0.5,7
83.32,0.5,4
83.34,0.5,4
83.36,0.5,4
83.38,0.5,3
83.4,0.5,9
83.42,0.5,5
83.44,0.5,4
83.46,0.5,5
83.48,0.5,3
83.5,0.5,4
83.52,0.5,1
83.54,0.5,3
83.56,0.5,4
83.58,0.5,4
83.6,0.5,3
83.62,0.5,0
83.64,0.5,2
83.66,0.5,3
83.68,0.5,3
83.7,0.5,3
83.72,0.5,8
83.74,0.5,3
83.76,0.5,5
83.78,0.5,4
83.8,0.5,6
83.82,0.5,4
83.84,0.5,2
83.86,0.5,3
83.88,0.5,3
83.9,0.5,4
83.92,0.5,2
83.94,0.5,6
83.96,0.5,2
83.98,0.5,3
84,0.5,7
84.02,0.5,6
84.04,0.5,5
84.06,0.5,3
84.08,0.5,4
84.1,0.5,3
84.12,0.5,7
84.14,0.5,5
84.16,0.5,4
84.18,0.5,4
84.2,0.5,6
84.22,0.5,10
84.24,0.5,4
84.26,0.5,3
84.28,0.5,8
84.3,0.5,3
84.32,0.5,6
84.34,0.5,9
84.36,0.5,5
84.38,0.5,3
84.4,0.5,1
84.42,0.5,4
84.44,0.5,2
84.46,0.5,3
84.48,0.5,4
84.5,0.5,4
84.52,0.5,5
84.54,0.5,2
84.56,0.5,3
84.58,0.5,2
84.6,0.5,0
84.62,0.5,7
84.64,0.5,4
84.66,0.5,5
84.68,0.5,3
84.7,0.5,7
84.72,0.5,4
84.74,0.5,1
84.76,0.5,1
84.78,0.5,8
84.8,0.5,6
84.82,0.5,7
84.84,0.5,2
84.86,0.5,4
84.88,0.5,4
84.9,0.5,4
84.92,0.5,3
84.94,0.5,5
84.96,0.5,3
84.98,0.5,2
85,0.5,0
85.02,0.5,5
85.04,0.5,4
85.06,0.5,5
85.08,0.5,4
85.1,0.5,3
85.12,0.5,2
85.14,0.5,5
85.16,0.5,4
85.18,0.5,7
85.2,0.5,12
85.22,0.5,8
85.24,0.5,4
85.26,0.5,6
85.28,0.5,5
85.3,0.5,2
85.32,0.5,4
85.34,0.5,7
85.36,0.5,3
85.38,0.5,5
85.4,0.5,3
85.42,0.5,2
85.44,0.5,2
85.46,0.5,3
85.48,0.5,3
85.5,0.5,4
85.52,0.5,4
85.54,0.5,1
85.56,0.5,3
85.58,0.5,6
85.6,0.5,4
85.62,0.5,4
85.64,0.5,7
85.66,0.5,3
85.68,0.5,8
85.7,0.5,3
85.72,0.5,8
85.74,0.5,4
85.76,0.5,0
85.78,0.5,7
85.8,0.5,5
85.82,0.5,8
85.84,0.5,1
85.86,0.5,8
85.88,0.5,8
85.9,0.5,3
85.92,0.5,6
85.94,0.5,7
85.96,0.5,7
85.98,0.5,5
86,0.5,6
86.02,0.5,2
86.04,0.5,5
86.06,0.5,5
86.08,0.5,3
86.1,0.5,8
86.12,0.5,6
86.14,0.5,8
86.16,0.5,2
86.18,0.5,4
86.2,0.5,6
86.22,0.5,1
86.24,0.5,3
86.26,0.5,4
86.28,0.5,7
86.3,0.5,4
86.32,0.5,11
86.34,0.5,5
86.36,0.5,4
86.38,0.5,5
86.4,0.5,4
86.42,0.5,6
86.44,0.5,5
86.46,0.5,4
86.48,0.5,4
86.5,0.5,8
86.52,0.5,3
86.54,0.5,3
86.56,0.5,1
86.58,0.5,6
86.6,0.5,3
86.62,0.5,3
86.64,0.5,1
86.66,0.5,8
86.68,0.5,4
86.7,0.5,5
86.72,0.5,5
86.74,0.5,4
86.76,0.5,7
86.78,0.5,7
86.8,0.5,6
86.82,0.5,4
86.84,0.5,3
86.86,0.5,7
86.88,0.5,6
86.9,0.5,6
86.92,0.5,7
86.94,0.5,12
86.96,0.5,3
86.98,0.5,4
87,0.5,9
87.02,0.5,5
87.04,0.5,2
87.06,0.5,4
87.08,0.5,3
87.1,0.5,6
87.12,0.5,8
87.14,0.5,1
87.16,0.5,1
87.18,0.5,4
87.2,0.5,4
87.22,0.5,5
87.24,0.5,4
87.26,0.5,8
87.28,0.5,6
87.3,0.5,4
87.32,0.5,3
87.34,0.5,3
87.36,0.5,4
87.38,0.5,6
87.4,0.5,5
87.42,0.5,4
87.44,0.5,4
87.46,0.5,4
87.48,0.5,3
87.5,0.5,8
87.52,0.5,5
87.54,0.5,8
87.56,0.5,5
87.58,0.5,8
87.6,0.5,4
87.62,0.5,7
87.64,0.5,7
87.66,0.5,5
87.68,0.5,4
87.7,0.5,4
87.72,0.5,3
87.74,0.5,8
87.76,0.5,3
87.78,0.5,4
87.8,0.5,1
87.82,0.5,5
87.84,0.5,6
87.86,0.5,8
87.88,0.5,6
87.9,0.5,6
87.92,0.5,7
87.94,0.5,3
87.96,0.5,2
87.98,0.5,4
88,0.5,3
88.02,0.5,3
88.04,0.5,3
88.06,0.5,5
88.08,0.5,3
88.1,0.5,4
88.12,0.5,1
88.14,0.5,3
88.16,0.5,2
88.18,0.5,8
88.2,0.5,6
88.22,0.5,6
88.24,0.5,8
88.26,0.5,7
88.28,0.5,5
88.3,0.5,6
88.32,0.5,6
88.34,0.5,3
88.36,0.5,3
88.38,0.5,4
88.4,0.5,4
88.42,0.5,5
88.44,0.5,3
88.46,0.5,5
88.48,0.5,6
88.5,0.5,11
88.52,0.5,5
88.54,0.5,11
88.56,0.5,5
88.58,0.5,7
88.6,0.5,5
88.62,0.5,6
88.64,0.5,3
88.66,0.5,7
88.68,0.5,5
88.7,0.5,4
88.72,0.5,5
88.74,0.5,7
88.76,0.5,4
88.78,0.5,9
88.8,0.5,7
88.82,0.5,6
88.84,0.5,6
88.86,0.5,6
88.88,0.5,8
88.9,0.5,4
88.92,0.5,7
88.94,0.5,5
88.96,0.5,3
88.98,0.5,2
89,0.5,7
89.02,0.5,4
89.04,0.5,3
89.06,0.5,4
89.08,0.5,5
89.1,0.5,5
89.12,0.5,6
89.14,0.5,9
89.16,0.5,10
89.18,0.5,10
89.2,0.5,9
89.22,0.5,7
89.24,0.5,12
89.26,0.5,4
89.28,0.5,12
89.3,0.5,12
89.32,0.5,6
89.34,0.5,9
89.36,0.5,11
89.38,0.5,10
89.4,0.5,7
89.42,0.5,11
89.44,0.5,12
89.46,0.5,11
89.48,0.5,22
89.5,0.5,35
89.52,0.5,41
89.54,0.5,63
89.56,0.5,75
89.58,0.5,88
89.6,0.5,96
89.62,0.5,97
89.64,0.5,124
89.66,0.5,105
89.68,0.5,87
89.7,0.5,77
89.72,0.5,55
89.74,0.5,44
89.76,0.5,30
89.78,0.5,25
89.8,0.5,34
89.82,0.5,46
89.84,0.5,25
89.86,0.5,39
89.88,0.5,46
89.9,0.5,56
89.92,0.5,38
89.94,0.5,47
89.96,0.5,57
89.98,0.5,39
90,0.5,24
90.02,0.5,33
90.04,0.5,17
90.06,0.5,17
90.08,0.5,8
90.1,0.5,8
90.12,0.5,8
90.14,0.5,11
90.16,0.5,5
90.18,0.5,10
90.2,0.5,5
90.22,0.5,6
90.24,0.5,8
90.26,0.5,6
90.28,0.5,6
90.3,0.5,6
90.32,0.5,6
90.34,0.5,4
90.36,0.5,6
90.38,0.5,3
90.4,0.5,6
90.42,0.5,7
90.44,0.5,6
90.46,0.5,6
90.48,0.5,10
90.5,0.5,5
90.52,0.5,4
90.54,0.5,5
90.56,0.5,7
90.58,0.5,4
90.6,0.5,4
90.62,0.5,7
90.64,0.5,2
90.66,0.5,5
90.68,0.5,7
90.7,0.5,11
90.72,0.5,6
90.74,0.5,6
90.76,0.5,4
90.78,0.5,9
90.8,0.5,6
90.82,0.5,6
90.84,0.5,4
90.86,0.5,4
90.88,0.5,6
90.9,0.5,3
90.92,0.5,5
90.94,0.5,4
90.96,0.5,1
90.98,0.5,6
91,0.5,7
91.02,0.5,2
91.04,0.5,7
91.06,0.5,4
91.08,0.5,5
91.1,0.5,4
91.12,0.5,6
91.14,0.5,6
91.16,0.5,5
91.18,0.5,5
91.2,0.5,4
91.22,0.5,8
91.24,0.5,5
91.26,0.5,5
91.28,0.5,1
91.3,0.5,2
91.32,0.5,3
91.34,0.5,7
91.36,0.5,5
91.38,0.5,10
91.4,0.5,8
91.42,0.5,9
91.44,0.5,7
91.46,0.5,6
91.48,0.5,4
91.5,0.5,3
91.52,0.5,4
91.54,0.5,5
91.56,0.5,2
91.58,0.5,5
91.6,0.5,5
91.62,0.5,4
91.64,0.5,3
91.66,0.5,6
91.68,0.5,5
91.7,0.5,9
91.72,0.5,7
91.74,0.5,3
91.76,0.5,5
91.78,0.5,9
91.8,0.5,6
91.82,0.5,3
91.84,0.5,11
91.86,0.5,11
91.88,0.5,9
91.9,0.5,3
91.92,0.5,7
91.94,0.5,7
91.96,0.5,8
91.98,0.5,4
92,0.5,4
92.02,0.5,7
92.04,0.5,4
92.06,0.5,7
92.08,0.5,5
92.1,0.5,9
92.12,0.5,4
92.14,0.5,13
92.16,0.5,7
92.18,0.5,8
92.2,0.5,2
92.22,0.5,5
92.24,0.5,8
92.26,0.5,7
92.28,0.5,6
92.3,0.5,4
92.32,0.5,6
92.34,0.5,6
92.36,0.5,3
92.38,0.5,4
92.4,0.5,2
92.42,0.5,5
92.44,0.5,7
92.46,0.5,7
92.48,0.5,10
92.5,0.5,9
92.52,0.5,6
92.54,0.5,11
92.56,0.5,16
92.58,0.5,5
92.6,0.5,15
92.62,0.5,19
92.64,0.5,15
92.66,0.5,37
92.68,0.5,28
92.7,0.5,51
92.72,0.5,41
92.74,0.5,70
92.76,0.5,55
92.78,0.5,50
92.8,0.5,46
92.82,0.5,55
92.84,0.5,39
92.86,0.5,36
92.88,0.5,32
92.9,0.5,17
92.92,0.5,18
92.94,0.5,21
92.96,0.5,21
92.98,0.5,19
93,0.5,22
93.02,0.5,37
93.04,0.5,24
93.06,0.5,34
93.08,0.5,26
93.1,0.5,29
93.12,0.5,17
93.14,0.5,23
93.16,0.5,14
93.18,0.5,18
93.2,0.5,12
93.22,0.5,11
93.24,0.5,12
93.26,0.5,17
93.28,0.5,9
93.3,0.5,9
93.32,0.5,4
93.34,0.5,3
93.36,0.5,0
93.38,0.5,6
93.4,0.5,10
93.42,0.5,6
93.44,0.5,4
93.46,0.5,6
93.48,0.5,9
93.5,0.5,9
93.52,0.5,7
93.54,0.5,4
93.56,0.5,7
93.58,0.5,5
93.6,0.5,5
93.62,0.5,4
93.64,0.5,7
93.66,0.5,8
93.68,0.5,8
93.7,0.5,3
93.72,0.5,6
93.74,0.5,14
93.76,0.5,5
93.78,0.5,5
93.8,0.5,4
93.82,0.5,7
93.84,0.5,6
93.86,0.5,5
93.88,0.5,2
93.9,0.5,5
93.92,0.5,5
93.94,0.5,4
93.96,0.5,5
93.98,0.5,4
94,0.5,10
94.02,0.5,6
94.04,0.5,8
94.06,0.5,3
94.08,0.5,8
94.1,0.5,7
94.12,0.5,6
94.14,0.5,7
94.16,0.5,4
94.18,0.5,7
94.2,0.5,4
94.22,0.5,8
94.24,0.5,5
94.26,0.5,8
94.28,0.5,6
94.3,0.5,7
94.32,0.5,3
94.34,0.5,8
94.36,0.5,6
94.38,0.5,4
94.4,0.5,3
94.42,0.5,4
94.44,0.5,7
94.46,0.5,5
94.48,0.5,7
94.5,0.5,5
94.52,0.5,9
94.54,0.5,4
94.56,0.5,11
94.58,0.5,8
94.6,0.5,5
94.62,0.5,8
94.64,0.5,9
94.66,0.5,11
94.68,0.5,10
94.7,0.5,6
94.72,0.5,8
94.74,0.5,8
94.76,0.5,6
94.78,0.5,9
94.8,0.5,12
94.82,0.5,7
94.84,0.5,12
94.86,0.5,12
94.88,0.5,12
94.9,0.5,10
94.92,0.5,11
94.94,0.5,7
94.96,0.5,14
94.98,0.5,16
95,0.5,13
95.02,0.5,14
95.04,0.5,28
95.06,0.5,21
95.08,0.5,26
95.1,0.5,22
95.12,0.5,45
95.14,0.5,55
95.16,0.5,56
95.18,0.5,73
95.2,0.5,107
95.22,0.5,121
95.24,0.5,134
95.26,0.5,184
95.28,0.5,180
95.3,0.5,171
95.32,0.5,190
95.34,0.5,157
95.36,0.5,116
95.38,0.5,102
95.4,0.5,89
95.42,0.5,58
95.44,0.5,56
95.46,0.5,45
95.48,0.5,51
95.5,0.5,51
95.52,0.5,63
95.54,0.5,79
95.56,0.5,83
95.58,0.5,85
95.6,0.5,78
95.62,0.5,90
95.64,0.5,83
95.66,0.5,69
95.68,0.5,48
95.7,0.5,53
95.72,0.5,34
95.74,0.5,28
95.76,0.5,20
95.78,0.5,24
95.8,0.5,19
95.82,0.5,14
95.84,0.5,11
95.86,0.5,12
95.88,0.5,6
95.9,0.5,9
95.92,0.5,7
95.94,0.5,5
95.96,0.5,7
95.98,0.5,5
96,0.5,4
96.02,0.5,9
96.04,0.5,10
96.06,0.5,6
96.08,0.5,5
96.1,0.5,6
96.12,0.5,3
96.14,0.5,4
96.16,0.5,7
96.18,0.5,3
96.2,0.5,6
96.22,0.5,6
96.24,0.5,6
96.26,0.5,6
96.28,0.5,5
96.3,0.5,6
96.32,0.5,6
96.34,0.5,10
96.36,0.5,5
96.38,0.5,5
96.4,0.5,7
96.42,0.5,4
96.44,0.5,6
96.46,0.5,5
96.48,0.5,5
96.5,0.5,6
96.52,0.5,8
96.54,0.5,10
96.56,0.5,13
96.58,0.5,2
96.6,0.5,4
96.62,0.5,9
96.64,0.5,7
96.66,0.5,8
96.68,0.5,7
96.7,0.5,3
96.72,0.5,5
96.74,0.5,5
96.76,0.5,1
96.78,0.5,5
96.8,0.5,4
96.82,0.5,6
96.84,0.5,8
96.86,0.5,11
96.88,0.5,6
96.9,0.5,3
96.92,0.5,4
96.94,0.5,4
96.96,0.5,4
96.98,0.5,10
97,0.5,9
97.02,0.5,2
97.04,0.5,5
97.06,0.5,8
97.08,0.5,5
97.1,0.5,12
97.12,0.5,4
97.14,0.5,5
97.16,0.5,6
97.18,0.5,5
97.2,0.5,2
97.22,0.5,7
97.24,0.5,7
97.26,0.5,2
97.28,0.5,7
97.3,0.5,2
97.32,0.5,8
97.34,0.5,3
97.36,0.5,3
97.38,0.5,6
97.4,0.5,4
97.42,0.5,8
97.44,0.5,7
97.46,0.5,6
97.48,0.5,7
97.5,0.5,6
97.52,0.5,8
97.54,0.5,4
97.56,0.5,8
97.58,0.5,10
97.6,0.5,0
97.62,0.5,5
97.64,0.5,7
97.66,0.5,4
97.68,0.5,8
97.7,0.5,4
97.72,0.5,5
97.74,0.5,7
97.76,0.5,1
97.78,0.5,6
97.8,0.5,4
97.82,0.5,4
97.84,0.5,5
97.86,0.5,3
97.88,0.5,4
97.9,0.5,4
97.92,0.5,8
97.94,0.5,5
97.96,0.5,6
97.98,0.5,4
98,0.5,11
98.02,0.5,7
98.04,0.5,7
98.06,0.5,8
98.08,0.5,7
98.1,0.5,8
98.12,0.5,4
98.14,0.5,4
98.16,0.5,6
98.18,0.5,9
98.2,0.5,10
98.22,0.5,7
98.24,0.5,8
98.26,0.5,0
98.28,0.5,2
98.3,0.5,7
98.32,0.5,4
98.34,0.5,4
98.36,0.5,10
98.38,0.5,14
98.4,0.5,10
98.42,0.5,7
98.44,0.5,10
98.46,0.5,8
98.48,0.5,11
98.5,0.5,7
98.52,0.5,8
98.54,0.5,17
98.56,0.5,27
98.58,0.5,16
98.6,0.5,31
98.62,0.5,24
98.64,0.5,36
98.66,0.5,43
98.68,0.5,47
98.7,0.5,45
98.72,0.5,43
98.74,0.5,36
98.76,0.5,38
98.78,0.5,46
98.8,0.5,31
98.82,0.5,13
98.84,0.5,16
98.86,0.5,19
98.88,0.5,15
98.9,0.5,15
98.92,0.5,26
98.94,0.5,23
98.96,0.5,22
98.98,0.5,24
99,0.5,25
99.02,0.5,26
99.04,0.5,22
99.06,0.5,29
99.08,0.5,22
99.1,0.5,15
99.12,0.5,8
99.14,0.5,12
99.16,0.5,14
99.18,0.5,11
99.2,0.5,6
99.22,0.5,7
99.24,0.5,8
99.26,0.5,10
99.28,0.5,10
99.3,0.5,8
99.32,0.5,9
99.34,0.5,6
99.36,0.5,5
99.38,0.5,10
99.4,0.5,10
99.42,0.5,3
99.44,0.5,7
99.46,0.5,5
99.48,0.5,3
99.5,0.5,8
99.52,0.5,11
99.54,0.5,6
99.56,0.5,5
99.58,0.5,7
99.6,0.5,9
99.62,0.5,4
99.64,0.5,7
99.66,0.5,3
99.68,0.5,6
99.7,0.5,5
99.72,0.5,3
99.74,0.5,2
99.76,0.5,5
99.78,0.5,5
99.8,0.5,9
99.82,0.5,3
99.84,0.5,0
99.86,0.5,4
99.88,0.5,8
99.9,0.5,2
99.92,0.5,3
99.94,0.5,11
99.96,0.5,4
99.98,0.5,4
100,0.5,5
100.02,0.5,7
100.04,0.5,6
100.06,0.5,8
100.08,0.5,3
100.1,0.5,5
100.12,0.5,8
100.14,0.5,5
100.16,0.5,7
100.18,0.5,11
100.2,0.5,10
100.22,0.5,8
100.24,0.5,6
100.26,0.5,10
100.28,0.5,4
100.3,0.5,9
100.32,0.5,5
100.34,0.5,1
100.36,0.5,10
100.38,0.5,1
100.4,0.5,5
100.42,0.5,1
100.44,0.5,5
100.46,0.5,3
100.48,0.5,7
100.5,0.5,6
100.52,0.5,6
100.54,0.5,3
100.56,0.5,5
100.58,0.5,3
100.6,0.5,4
100.62,0.5,7
100.64,0.5,4
100.66,0.5,5
100.68,0.5,2
100.7,0.5,6
100.72,0.5,7
100.74,0.5,10
100.76,0.5,4
100.78,0.5,5
100.8,0.5,5
100.82,0.5,3
100.84,0.5,5
100.86,0.5,3
100.88,0.5,3
100.9,0.5,2
100.92,0.5,5
100.94,0.5,6
100.96,0.5,4
100.98,0.5,4
101,0.5,4
101.02,0.5,6
101.04,0.5,4
101.06,0.5,10
101.08,0.5,5
101.1,0.5,4
101.12,0.5,6
101.14,0.5,6
101.16,0.5,5
101.18,0.5,4
101.2,0.5,3
101.22,0.5,3
101.24,0.5,6
101.26,0.5,3
101.28,0.5,6
101.3,0.5,6
101.32,0.5,3
101.34,0.5,6
101.36,0.5,8
101.38,0.5,5
101.4,0.5,6
101.42,0.5,3
101.44,0.5,1
101.46,0.5,9
101.48,0.5,6
101.5,0.5,5
101.52,0.5,5
101.54,0.5,6
101.56,0.5,5
101.58,0.5,3
101.6,0.5,4
101.62,0.5,8
101.64,0.5,6
101.66,0.5,3
101.68,0.5,4
101.7,0.5,4
101.72,0.5,4
101.74,0.5,8
101.76,0.5,10
101.78,0.5,4
101.8,0.5,4
101.82,0.5,4
101.84,0.5,3
101.86,0.5,6
101.88,0.5,7
101.9,0.5,4
101.92,0.5,5
101.94,0.5,8
101.96,0.5,4
101.98,0.5,5
102,0.5,6
102.02,0.5,8
102.04,0.5,9
102.06,0.5,7
102.08,0.5,5
102.1,0.5,4
102.12,0.5,4
102.14,0.5,5
102.16,0.5,5
102.18,0.5,7
102.2,0.5,4
102.22,0.5,8
102.24,0.5,3
102.26,0.5,4
102.28,0.5,7
102.3,0.5,7
102.32,0.5,8
102.34,0.5,6
102.36,0.5,12
102.38,0.5,7
102.4,0.5,11
102.42,0.5,10
102.44,0.5,6
102.46,0.5,10
102.48,0.5,4
102.5,0.5,4
102.52,0.5,5
102.54,0.5,4
102.56,0.5,8
102.58,0.5,8
102.6,0.5,3
102.62,0.5,10
102.64,0.5,11
102.66,0.5,3
102.68,0.5,5
102.7,0.5,11
102.72,0.5,7
102.74,0.5,19
102.76,0.5,10
102.78,0.5,19
102.8,0.5,22
102.82,0.5,38
102.84,0.5,37
102.86,0.5,28
102.88,0.5,36
102.9,0.5,51
102.92,0.5,68
102.94,0.5,58
102.96,0.5,78
102.98,0.5,51
103,0.5,48
103.02,0.5,51
103.04,0.5,43
103.06,0.5,30
103.08,0.5,30
103.1,0.5,23
103.12,0.5,18
103.14,0.5,31
103.16,0.5,21
103.18,0.5,23
103.2,0.5,25
103.22,0.5,15
103.24,0.5,23
103.26,0.5,35
103.28,0.5,38
103.3,0.5,41
103.32,0.5,30
103.34,0.5,36
103.36,0.5,30
103.38,0.5,26
103.4,0.5,14
103.42,0.5,18
103.44,0.5,10
103.46,0.5,12
103.48,0.5,10
103.5,0.5,5
103.52,0.5,10
103.54,0.5,7
103.56,0.5,9
103.58,0.5,8
103.6,0.5,6
103.62,0.5,10
103.64,0.5,6
103.66,0.5,6
103.68,0.5,8
103.7,0.5,5
103.72,0.5,10
103.74,0.5,12
103.76,0.5,2
103.78,0.5,10
103.8,0.5,7
103.82,0.5,10
103.84,0.5,10
103.86,0.5,8
103.88,0.5,6
103.9,0.5,8
103.92,0.5,5
103.94,0.5,5
103.96,0.5,6
103.98,0.5,5
104,0.5,11
104.02,0.5,9
104.04,0.5,12
104.06,0.5,15
104.08,0.5,14
104.1,0.5,12
104.12,0.5,25
104.14,0.5,27
104.16,0.5,39
104.18,0.5,36
104.2,0.5,39
104.22,0.5,61
104.24,0.5,51
104.26,0.5,60
104.28,0.5,49
104.3,0.5,57
104.32,0.5,40
104.34,0.5,43
104.36,0.5,43
104.38,0.5,33
104.4,0.5,45
104.42,0.5,22
104.44,0.5,25
104.46,0.5,17
104.48,0.5,20
104.5,0.5,15
104.52,0.5,11
104.54,0.5,21
104.56,0.5,16
104.58,0.5,28
104.6,0.5,25
104.62,0.5,35
104.64,0.5,29
104.66,0.5,31
104.68,0.5,31
104.7,0.5,20
104.72,0.5,24
104.74,0.5,17
104.76,0.5,25
104.78,0.5,27
104.8,0.5,19
104.82,0.5,14
104.84,0.5,13
104.86,0.5,10
104.88,0.5,8
104.9,0.5,4
104.92,0.5,6
104.94,0.5,7
104.96,0.5,6
104.98,0.5,8
105,0.5,9
105.02,0.5,2
105.04,0.5,6
105.06,0.5,8
105.08,0.5,7
105.1,0.5,2
105.12,0.5,7
105.14,0.5,11
105.16,0.5,5
105.18,0.5,3
105.2,0.5,8
105.22,0.5,2
105.24,0.5,5
105.26,0.5,7
105.28,0.5,3
105.3,0.5,10
105.32,0.5,6
105.34,0.5,7
105.36,0.5,5
105.38,0.5,9
105.4,0.5,5
105.42,0.5,7
105.44,0.5,12
105.46,0.5,5
105.48,0.5,9
105.5,0.5,7
105.52,0.5,8
105.54,0.5,7
105.56,0.5,5
105.58,0.5,5
105.6,0.5,8
105.62,0.5,3
105.64,0.5,6
105.66,0.5,5
105.68,0.5,4
105.7,0.5,7
105.72,0.5,4
105.74,0.5,7
105.76,0.5,4
105.78,0.5,5
105.8,0.5,8
105.82,0.5,4
105.84,0.5,8
105.86,0.5,8
105.88,0.5,7
105.9,0.5,5
105.92,0.5,2
105.94,0.5,4
105.96,0.5,1
105.98,0.5,10
106,0.5,9
106.02,0.5,10
106.04,0.5,4
106.06,0.5,2
106.08,0.5,2
106.1,0.5,4
106.12,0.5,7
106.14,0.5,8
106.16,0.5,5
106.18,0.5,4
106.2,0.5,3
106.22,0.5,3
106.24,0.5,7
106.26,0.5,8
106.28,0.5,3
106.3,0.5,6
106.32,0.5,11
106.34,0.5,4
106.36,0.5,4
106.38,0.5,4
106.4,0.5,5
106.42,0.5,5
106.44,0.5,9
106.46,0.5,8
106.48,0.5,9
106.5,0.5,7
106.52,0.5,4
106.54,0.5,4
106.56,0.5,0
106.58,0.5,2
106.6,0.5,3
106.62,0.5,8
106.64,0.5,6
106.66,0.5,5
106.68,0.5,6
106.7,0.5,4
106.72,0.5,6
106.74,0.5,3
106.76,0.5,4
106.78,0.5,6
106.8,0.5,6
106.82,0.5,3
106.84,0.5,7
106.86,0.5,4
106.88,0.5,4
106.9,0.5,0
106.92,0.5,6
106.94,0.5,8
106.96,0.5,4
106.98,0.5,3
107,0.5,5
107.02,0.5,3
107.04,0.5,3
107.06,0.5,3
107.08,0.5,3
107.1,0.5,4
107.12,0.5,7
107.14,0.5,3
107.16,0.5,6
107.18,0.5,9
107.2,0.5,10
107.22,0.5,5
107.24,0.5,8
107.26,0.5,7
107.28,0.5,5
107.3,0.5,1
107.32,0.5,8
107.34,0.5,9
107.36,0.5,5
107.38,0.5,3
107.4,0.5,8
107.42,0.5,12
107.44,0.5,11
107.46,0.5,17
107.48,0.5,11
107.5,0.5,18
107.52,0.5,12
107.54,0.5,19
107.56,0.5,13
107.58,0.5,14
107.6,0.5,11
107.62,0.5,13
107.64,0.5,18
107.66,0.5,11
107.68,0.5,6
107.7,0.5,8
107.72,0.5,12
107.74,0.5,8
107.76,0.5,10
107.78,0.5,4
107.8,0.5,9
107.82,0.5,6
107.84,0.5,6
107.86,0.5,9
107.88,0.5,14
107.9,0.5,17
107.92,0.5,12
107.94,0.5,7
107.96,0.5,9
107.98,0.5,13
108,0.5,7
108.02,0.5,9
108.04,0.5,8
108.06,0.5,6
108.08,0.5,9
108.1,0.5,9
108.12,0.5,10
108.14,0.5,4
108.16,0.5,4
108.18,0.5,2
108.2,0.5,7
108.22,0.5,4
108.24,0.5,2
108.26,0.5,5
108.28,0.5,8
108.3,0.5,7
108.32,0.5,4
108.34,0.5,9
108.36,0.5,6
108.38,0.5,4
108.4,0.5,2
108.42,0.5,8
108.44,0.5,1
108.46,0.5,4
108.48,0.5,2
108.5,0.5,7
108.52,0.5,5
108.54,0.5,6
108.56,0.5,3
108.58,0.5,3
108.6,0.5,4
108.62,0.5,7
108.64,0.5,7
108.66,0.5,4
108.68,0.5,6
108.7,0.5,9
108.72,0.5,7
108.74,0.5,6
108.76,0.5,6
108.78,0.5,4
108.8,0.5,2
108.82,0.5,4
108.84,0.5,6
108.86,0.5,8
108.88,0.5,7
108.9,0.5,6
108.92,0.5,6
108.94,0.5,5
108.96,0.5,4
108.98,0.5,9
109,0.5,6
109.02,0.5,3
109.04,0.5,1
109.06,0.5,6
109.08,0.5,10
109.1,0.5,6
109.12,0.5,6
109.14,0.5,6
109.16,0.5,12
109.18,0.5,7
109.2,0.5,7
109.22,0.5,4
109.24,0.5,8
109.26,0.5,2
109.28,0.5,8
109.3,0.5,5
109.32,0.5,8
109.34,0.5,3
109.36,0.5,8
109.38,0.5,5
109.4,0.5,7
109.42,0.5,5
109.44,0.5,7
109.46,0.5,6
109.48,0.5,5
109.5,0.5,9
109.52,0.5,6
109.54,0.5,8
109.56,0.5,9
109.58,0.5,9
109.6,0.5,9
109.62,0.5,3
109.64,0.5,6
109.66,0.5,4
109.68,0.5,8
109.7,0.5,12
109.72,0.5,8
109.74,0.5,4
109.76,0.5,5
109.78,0.5,9
109.8,0.5,2
109.82,0.5,6
109.84,0.5,9
109.86,0.5,9
109.88,0.5,9
109.9,0.5,7
109.92,0.5,7
109.94,0.5,7
109.96,0.5,8
109.98,0.5,9
110,0.5,7
110.02,0.5,13
110.04,0.5,9
110.06,0.5,3
110.08,0.5,9
110.1,0.5,9
110.12,0.5,14
110.14,0.5,7
110.16,0.5,20
110.18,0.5,15
110.2,0.5,22
110.22,0.5,35
110.24,0.5,31
110.26,0.5,34
110.28,0.5,59
110.3,0.5,51
110.32,0.5,58
110.34,0.5,51
110.36,0.5,65
110.38,0.5,75
110.4,0.5,73
110.42,0.5,71
110.44,0.5,79
110.46,0.5,51
110.48,0.5,46
110.5,0.5,43
110.52,0.5,38
110.54,0.5,21
110.56,0.5,18
110.58,0.5,25
110.6,0.5,24
110.62,0.5,16
110.64,0.5,22
110.66,0.5,27
110.68,0.5,26
110.7,0.5,18
110.72,0.5,33
110.74,0.5,36
110.76,0.5,32
110.78,0.5,40
110.8,0.5,40
110.82,0.5,35
110.84,0.5,41
110.86,0.5,35
110.88,0.5,26
110.9,0.5,27
110.92,0.5,16
110.94,0.5,15
110.96,0.5,10
110.98,0.5,6
111,0.5,7
111.02,0.5,15
111.04,0.5,7
111.06,0.5,13
111.08,0.5,6
111.1,0.5,5
111.12,0.5,8
111.14,0.5,8
111.16,0.5,4
111.18,0.5,6
111.2,0.5,10
111.22,0.5,6
111.24,0.5,2
111.26,0.5,7
111.28,0.5,6
111.3,0.5,5
111.32,0.5,3
111.34,0.5,4
111.36,0.5,6
111.38,0.5,4
111.4,0.5,3
111.42,0.5,8
111.44,0.5,7
111.46,0.5,9
111.48,0.5,2
111.5,0.5,2
111.52,0.5,8
111.54,0.5,3
111.56,0.5,8
111.58,0.5,5
111.6,0.5,8
111.62,0.5,5
111.64,0.5,8
111.66,0.5,7
111.68,0.5,4
111.7,0.5,6
111.72,0.5,5
111.74,0.5,9
111.76,0.5,3
111.78,0.5,12
111.8,0.5,4
111.82,0.5,5
111.84,0.5,6
111.86,0.5,8
111.88,0.5,5
111.9,0.5,4
111.92,0.5,5
111.94,0.5,4
111.96,0.5,8
111.98,0.5,5
112,0.5,2
112.02,0.5,6
112.04,0.5,11
112.06,0.5,7
112.08,0.5,6
112.1,0.5,5
112.12,0.5,11
112.14,0.5,3
112.16,0.5,5
112.18,0.5,2
112.2,0.5,5
112.22,0.5,7
112.24,0.5,5
112.26,0.5,7
112.28,0.5,2
112.3,0.5,3
112.32,0.5,4
112.34,0.5,4
112.36,0.5,8
112.38,0.5,4
112.4,0.5,5
112.42,0.5,6
112.44,0.5,10
112.46,0.5,8
112.48,0.5,5
112.5,0.5,7
112.52,0.5,7
112.54,0.5,9
112.56,0.5,4
112.58,0.5,5
112.6,0.5,8
112.62,0.5,3
112.64,0.5,9
112.66,0.5,9
112.68,0.5,3
112.7,0.5,9
112.72,0.5,7
112.74,0.5,6
112.76,0.5,2
112.78,0.5,11
112.8,0.5,8
112.82,0.5,3
112.84,0.5,5
112.86,0.5,0
112.88,0.5,10
112.9,0.5,7
112.92,0.5,8
112.94,0.5,10
112.96,0.5,6
112.98,0.5,5
113,0.5,6
113.02,0.5,3
113.04,0.5,2
113.06,0.5,5
113.08,0.5,7
113.1,0.5,8
113.12,0.5,3
113.14,0.5,3
113.16,0.5,3
113.18,0.5,8
113.2,0.5,3
113.22,0.5,7
113.24,0.5,8
113.26,0.5,5
113.28,0.5,10
113.3,0.5,6
113.32,0.5,10
113.34,0.5,4
113.36,0.5,5
113.38,0.5,6
113.4,0.5,3
113.42,0.5,12
113.44,0.5,8
113.46,0.5,4
113.48,0.5,5
113.5,0.5,7
113.52,0.5,9
113.54,0.5,10
113.56,0.5,7
113.58,0.5,10
113.6,0.5,5
113.62,0.5,6
113.64,0.5,5
113.66,0.5,6
113.68,0.5,7
113.7,0.5,6
113.72,0.5,8
113.74,0.5,6
113.76,0.5,7
113.78,0.5,4
113.8,0.5,6
113.82,0.5,9
113.84,0.5,5
113.86,0.5,8
113.88,0.5,2
113.9,0.5,9
113.92,0.5,8
113.94,0.5,6
113.96,0.5,3
113.98,0.5,4
114,0.5,5
114.02,0.5,3
114.04,0.5,4
114.06,0.5,7
114.08,0.5,2
114.1,0.5,6
114.12,0.5,6
114.14,0.5,4
114.16,0.5,6
114.18,0.5,7
114.2,0.5,8
114.22,0.5,0
114.24,0.5,5
114.26,0.5,7
114.28,0.5,6
114.3,0.5,4
114.32,0.5,7
114.34,0.5,5
114.36,0.5,7
114.38,0.5,5
114.4,0.5,3
114.42,0.5,5
114.44,0.5,6
114.46,0.5,2
114.48,0.5,4
114.5,0.5,8
114.52,0.5,7
114.54,0.5,13
114.56,0.5,9
114.58,0.5,5
114.6,0.5,7
114.62,0.5,5
114.64,0.5,7
114.66,0.5,8
114.68,0.5,7
114.7,0.5,6
114.72,0.5,6
114.74,0.5,6
114.76,0.5,8
114.78,0.5,9
114.8,0.5,8
114.82,0.5,5
114.84,0.5,7
114.86,0.5,5
114.88,0.5,6
114.9,0.5,3
114.92,0.5,5
114.94,0.5,15
114.96,0.5,5
114.98,0.5,7
115,0.5,6
115.02,0.5,7
115.04,0.5,6
115.06,0.5,6
115.08,0.5,8
115.1,0.5,8
115.12,0.5,5
115.14,0.5,9
115.16,0.5,5
115.18,0.5,3
115.2,0.5,5
115.22,0.5,10
115.24,0.5,1
115.26,0.5,4
115.28,0.5,3
115.3,0.5,4
115.32,0.5,10
115.34,0.5,6
115.36,0.5,6
115.38,0.5,7
115.4,0.5,6
115.42,0.5,6
115.44,0.5,13
115.46,0.5,7
115.48,0.5,8
115.5,0.5,3
115.52,0.5,7
115.54,0.5,13
115.56,0.5,4
115.58,0.5,6
115.6,0.5,10
115.62,0.5,4
115.64,0.5,6
115.66,0.5,2
115.68,0.5,9
115.7,0.5,7
115.72,0.5,5
115.74,0.5,7
115.76,0.5,10
115.78,0.5,6
115.8,0.5,9
115.82,0.5,7
115.84,0.5,7
115.86,0.5,11
115.88,0.5,10
115.9,0.5,10
115.92,0.5,9
115.94,0.5,7
115.96,0.5,11
115.98,0.5,14
116,0.5,7
116.02,0.5,13
116.04,0.5,18
116.06,0.5,16
116.08,0.5,19
116.1,0.5,34
116.12,0.5,23
116.14,0.5,24
116.16,0.5,28
116.18,0.5,45
116.2,0.5,52
116.22,0.5,72
116.24,0.5,99
116.26,0.5,90
116.28,0.5,104
116.3,0.5,111
116.32,0.5,136
116.34,0.5,143
116.36,0.5,149
116.38,0.5,134
116.4,0.5,139
116.42,0.5,146
116.44,0.5,115
116.46,0.5,87
116.48,0.5,87
116.5,0.5,47
116.52,0.5,57
116.54,0.5,46
116.56,0.5,40
116.58,0.5,42
116.6,0.5,27
116.62,0.5,39
116.64,0.5,24
116.66,0.5,46
116.68,0.5,48
116.7,0.5,56
116.72,0.5,64
116.74,0.5,58
116.76,0.5,72
116.78,0.5,70
116.8,0.5,78
116.82,0.5,87
116.84,0.5,79
116.86,0.5,62
116.88,0.5,52
116.9,0.5,47
116.92,0.5,43
116.94,0.5,41
116.96,0.5,33
116.98,0.5,24
117,0.5,22
117.02,0.5,18
117.04,0.5,17
117.06,0.5,19
117.08,0.5,12
117.1,0.5,17
117.12,0.5,9
117.14,0.5,9
117.16,0.5,4
117.18,0.5,8
117.2,0.5,8
117.22,0.5,10
117.24,0.5,5
117.26,0.5,8
117.28,0.5,12
117.3,0.5,16
117.32,0.5,4
117.34,0.5,12
117.36,0.5,9
117.38,0.5,8
117.4,0.5,4
117.42,0.5,9
117.44,0.5,6
117.46,0.5,8
117.48,0.5,5
117.5,0.5,8
117.52,0.5,9
117.54,0.5,11
117.56,0.5,12
117.58,0.5,11
117.6,0.5,7
117.62,0.5,4
117.64,0.5,5
117.66,0.5,5
117.68,0.5,6
117.7,0.5,8
117.72,0.5,4
117.74,0.5,7
117.76,0.5,6
117.78,0.5,4
117.8,0.5,6
117.82,0.5,6
117.84,0.5,7
117.86,0.5,4
117.88,0.5,7
117.9,0.5,2
117.92,0.5,7
117.94,0.5,3
117.96,0.5,5
117.98,0.5,5
118,0.5,3
118.02,0.5,7
118.04,0.5,8
118.06,0.5,9
118.08,0.5,5
118.1,0.5,2
118.12,0.5,6
118.14,0.5,3
118.16,0.5,3
118.18,0.5,3
118.2,0.5,7
118.22,0.5,9
118.24,0.5,3
118.26,0.5,10
118.28,0.5,6
118.3,0.5,6
118.32,0.5,10
118.34,0.5,4
118.36,0.5,9
118.38,0.5,3
118.4,0.5,6
118.42,0.5,5
118.44,0.5,3
118.46,0.5,3
118.48,0.5,4
118.5,0.5,7
118.52,0.5,5
118.54,0.5,4
118.56,0.5,4
118.58,0.5,6
118.6,0.5,5
118.62,0.5,4
118.64,0.5,6
118.66,0.5,5
118.68,0.5,3
118.7,0.5,1
118.72,0.5,3
118.74,0.5,8
118.76,0.5,6
118.78,0.5,11
118.8,0.5,5
118.82,0.5,4
118.84,0.5,1
118.86,0.5,5
118.88,0.5,5
118.9,0.5,6
118.92,0.5,8
118.94,0.5,5
118.96,0.5,9
118.98,0.5,2
119,0.5,2
119.02,0.5,3
119.04,0.5,8
119.06,0.5,8
119.08,0.5,5
119.1,0.5,5
119.12,0.5,5
119.14,0.5,8
119.16,0.5,7
119.18,0.5,3
119.2,0.5,4
119.22,0.5,8
119.24,0.5,4
119.26,0.5,4
119.28,0.5,7
119.3,0.5,1
119.32,0.5,2
119.34,0.5,2
119.36,0.5,3
119.38,0.5,4
119.4,0.5,8
119.42,0.5,6
119.44,0.5,7
119.46,0.5,3
119.48,0.5,8
119.5,0.5,9
119.52,0.5,7
119.54,0.5,10
119.56,0.5,9
119.58,0.5,5
119.6,0.5,3
119.62,0.5,4
119.64,0.5,5
119.66,0.5,11
119.68,0.5,8
119.7,0.5,8
119.72,0.5,7
119.74,0.5,11
119.76,0.5,6
119.78,0.5,6
119.8,0.5,6
119.82,0.5,6
119.84,0.5,7
119.86,0.5,10
119.88,0.5,4
119.9,0.5,5
119.92,0.5,5
119.94,0.5,8
119.96,0.5,7
119.98,0.5,4
120,0.5,10
120.02,0.5,5
120.04,0.5,6
120.06,0.5,5
120.08,0.5,7
120.1,0.5,5
120.12,0.5,6
120.14,0.5,5
120.16,0.5,5
120.18,0.5,7
120.2,0.5,6
120.22,0.5,7
120.24,0.5,4
120.26,0.5,3
120.28,0.5,9
120.3,0.5,7
120.32,0.5,5
120.34,0.5,3
120.36,0.5,8
120.38,0.5,5
120.4,0.5,9
120.42,0.5,2
120.44,0.5,8
120.46,0.5,7
120.48,0.5,4
120.5,0.5,11
120.52,0.5,8
120.54,0.5,5
120.56,0.5,5
120.58,0.5,4
120.6,0.5,6
120.62,0.5,11
120.64,0.5,10
120.66,0.5,7
120.68,0.5,5
120.7,0.5,9
120.72,0.5,6
120.74,0.5,8
120.76,0.5,4
120.78,0.5,1
120.8,0.5,5
120.82,0.5,5
120.84,0.5,7
120.86,0.5,8
120.88,0.5,5
120.9,0.5,7
120.92,0.5,5
120.94,0.5,8
120.96,0.5,6
120.98,0.5,8
121,0.5,11
121.02,0.5,2
121.04,0.5,10
121.06,0.5,4
121.08,0.5,7
121.1,0.5,8
121.12,0.5,7
121.14,0.5,7
121.16,0.5,4
121.18,0.5,3
121.2,0.5,11
121.22,0.5,3
121.24,0.5,8
121.26,0.5,7
121.28,0.5,10
121.3,0.5,11
121.32,0.5,10
121.34,0.5,20
121.36,0.5,19
121.38,0.5,27
121.4,0.5,30
121.42,0.5,32
121.44,0.5,26
121.46,0.5,37
121.48,0.5,51
121.5,0.5,58
121.52,0.5,51
121.54,0.5,68
121.56,0.5,73
121.58,0.5,78
121.6,0.5,91
121.62,0.5,86
121.64,0.5,83
121.66,0.5,82
121.68,0.5,93
121.7,0.5,81
121.72,0.5,55
121.74,0.5,63
121.76,0.5,31
121.78,0.5,35
121.8,0.5,32
121.82,0.5,29
121.84,0.5,23
121.86,0.5,23
121.88,0.5,24
121.9,0.5,15
121.92,0.5,28
121.94,0.5,21
121.96,0.5,30
121.98,0.5,20
122,0.5,28
122.02,0.5,33
122.04,0.5,35
122.06,0.5,31
122.08,0.5,38
122.1,0.5,37
122.12,0.5,35
122.14,0.5,47
122.16,0.5,39
122.18,0.5,47
122.2,0.5,39
122.22,0.5,44
122.24,0.5,28
122.26,0.5,21
122.28,0.5,29
122.3,0.5,23
122.32,0.5,18
122.34,0.5,14
122.36,0.5,17
122.38,0.5,10
122.4,0.5,15
122.42,0.5,7
122.44,0.5,12
122.46,0.5,10
122.48,0.5,13
122.5,0.5,4
122.52,0.5,12
122.54,0.5,12
122.56,0.5,8
122.58,0.5,6
122.6,0.5,7
122.62,0.5,6
122.64,0.5,10
122.66,0.5,4
122.68,0.5,11
122.7,0.5,7
122.72,0.5,4
122.74,0.5,6
122.76,0.5,6
122.78,0.5,7
122.8,0.5,8
122.82,0.5,7
122.84,0.5,5
122.86,0.5,2
122.88,0.5,9
122.9,0.5,9
122.92,0.5,8
122.94,0.5,4
122.96,0.5,5
122.98,0.5,6
123,0.5,3
123.02,0.5,7
123.04,0.5,4
123.06,0.5,7
123.08,0.5,6
123.1,0.5,2
123.12,0.5,4
123.14,0.5,6
123.16,0.5,4
123.18,0.5,6
123.2,0.5,4
123.22,0.5,4
123.24,0.5,6
123.26,0.5,7
123.28,0.5,5
123.3,0.5,8
123.32,0.5,7
123.34,0.5,7
123.36,0.5,4
123.38,0.5,5
123.4,0.5,3
123.42,0.5,6
123.44,0.5,8
123.46,0.5,6
123.48,0.5,10
123.5,0.5,4
123.52,0.5,5
123.54,0.5,4
123.56,0.5,6
123.58,0.5,6
123.6,0.5,8
123.62,0.5,10
123.64,0.5,5
123.66,0.5,5
123.68,0.5,5
123.7,0.5,4
123.72,0.5,0
123.74,0.5,10
123.76,0.5,1
123.78,0.5,4
123.8,0.5,7
123.82,0.5,9
123.84,0.5,3
123.86,0.5,5
123.88,0.5,8
123.9,0.5,6
123.92,0.5,5
123.94,0.5,5
123.96,0.5,6
123.98,0.5,1
124,0.5,2
124.02,0.5,0
124.04,0.5,6
124.06,0.5,6
124.08,0.5,6
124.1,0.5,3
124.12,0.5,5
124.14,0.5,7
124.16,0.5,4
124.18,0.5,5
124.2,0.5,8
124.22,0.5,7
124.24,0.5,7
124.26,0.5,5
124.28,0.5,3
124.3,0.5,3
124.32,0.5,4
124.34,0.5,8
124.36,0.5,3
124.38,0.5,6
124.4,0.5,5
124.42,0.5,8
124.44,0.5,6
124.46,0.5,5
124.48,0.5,2
124.5,0.5,6
124.52,0.5,3
124.54,0.5,8
124.56,0.5,5
124.58,0.5,5
124.6,0.5,4
124.62,0.5,8
124.64,0.5,3
124.66,0.5,5
124.68,0.5,7
124.7,0.5,9
124.72,0.5,7
124.74,0.5,9
124.76,0.5,4
124.78,0.5,3
124.8,0.5,9
124.82,0.5,5
124.84,0.5,9
124.86,0.5,4
124.88,0.5,8
124.9,0.5,5
124.92,0.5,3
124.94,0.5,7
124.96,0.5,3
124.98,0.5,13
125,0.5,1
125.02,0.5,8
125.04,0.5,5
125.06,0.5,7
125.08,0.5,6
125.1,0.5,5
125.12,0.5,6
125.14,0.5,6
125.16,0.5,6
125.18,0.5,3
125.2,0.5,9
125.22,0.5,9
125.24,0.5,14
125.26,0.5,7
125.28,0.5,10
125.3,0.5,8
125.32,0.5,9
125.34,0.5,10
125.36,0.5,6
125.38,0.5,9
125.4,0.5,5
125.42,0.5,9
125.44,0.5,6
125.46,0.5,12
125.48,0.5,7
125.5,0.5,8
125.52,0.5,10
125.54,0.5,8
125.56,0.5,15
125.58,0.5,7
125.6,0.5,14
125.62,0.5,9
125.64,0.5,9
125.66,0.5,8
125.68,0.5,9
125.7,0.5,8
125.72,0.5,8
125.74,0.5,4
125.76,0.5,7
125.78,0.5,5
125.8,0.5,6
125.82,0.5,7
125.84,0.5,4
125.86,0.5,11
125.88,0.5,7
125.9,0.5,3
125.92,0.5,6
125.94,0.5,7
125.96,0.5,4
125.98,0.5,8
126,0.5,2
126.02,0.5,5
126.04,0.5,8
126.06,0.5,6
126.08,0.5,11
126.1,0.5,8
126.12,0.5,9
126.14,0.5,7
126.16,0.5,9
126.18,0.5,2
126.2,0.5,8
126.22,0.5,5
126.24,0.5,8
126.26,0.5,6
126.28,0.5,7
126.3,0.5,5
126.32,0.5,7
126.34,0.5,6
126.36,0.5,5
126.38,0.5,3
126.4,0.5,7
126.42,0.5,5
126.44,0.5,2
126.46,0.5,1
126.48,0.5,6
126.5,0.5,3
126.52,0.5,10
126.54,0.5,6
126.56,0.5,2
126.58,0.5,3
126.6,0.5,4
126.62,0.5,7
126.64,0.5,5
126.66,0.5,6
126.68,0.5,10
126.7,0.5,3
126.72,0.5,3
126.74,0.5,4
126.76,0.5,7
126.78,0.5,10
126.8,0.5,5
126.82,0.5,2
126.84,0.5,7
126.86,0.5,3
126.88,0.5,5
126.9,0.5,7
126.92,0.5,6
126.94,0.5,8
126.96,0.5,7
126.98,0.5,2
127,0.5,8
127.02,0.5,5
127.04,0.5,14
127.06,0.5,4
127.08,0.5,3
127.1,0.5,5
127.12,0.5,6
127.14,0.5,7
127.16,0.5,1
127.18,0.5,7
127.2,0.5,7
127.22,0.5,5
127.24,0.5,7
127.26,0.5,7
127.28,0.5,4
127.3,0.5,3
127.32,0.5,5
127.34,0.5,6
127.36,0.5,5
127.38,0.5,8
127.4,0.5,9
127.42,0.5,3
127.44,0.5,5
127.46,0.5,7
127.48,0.5,6
127.5,0.5,3
127.52,0.5,2
127.54,0.5,6
127.56,0.5,6
127.58,0.5,6
127.6,0.5,7
127.62,0.5,3
127.64,0.5,5
127.66,0.5,4
127.68,0.5,6
127.7,0.5,5
127.72,0.5,4
127.74,0.5,4
127.76,0.5,8
127.78,0.5,6
127.8,0.5,4
127.82,0.5,4
127.84,0.5,6
127.86,0.5,7
127.88,0.5,6
127.9,0.5,9
127.92,0.5,4
127.94,0.5,5
127.96,0.5,4
127.98,0.5,7
128,0.5,4
128.02,0.5,3
128.04,0.5,2
128.06,0.5,4
128.08,0.5,3
128.1,0.5,1
128.12,0.5,5
128.14,0.5,4
128.16,0.5,5
128.18,0.5,6
128.2,0.5,3
128.22,0.5,5
128.24,0.5,3
128.26,0.5,8
128.28,0.5,2
128.3,0.5,8
128.32,0.5,4
128.34,0.5,6
128.36,0.5,3
128.38,0.5,4
128.4,0.5,6
128.42,0.5,8
128.44,0.5,6
128.46,0.5,7
128.48,0.5,8
128.5,0.5,5
128.52,0.5,4
128.54,0.5,6
128.56,0.5,4
128.58,0.5,4
128.6,0.5,6
128.62,0.5,4
128.64,0.5,8
128.66,0.5,3
128.68,0.5,0
128.7,0.5,6
128.72,0.5,8
128.74,0.5,5
128.76,0.5,8
128.78,0.5,8
128.8,0.5,4
128.82,0.5,8
128.84,0.5,5
128.86,0.5,5
128.88,0.5,5
128.9,0.5,4
128.92,0.5,5
128.94,0.5,3
128.96,0.5,5
128.98,0.5,4
129,0.5,3
129.02,0.5,8
129.04,0.5,6
129.06,0.5,5
129.08,0.5,1
129.1,0.5,10
129.12,0.5,8
129.14,0.5,6
129.16,0.5,4
129.18,0.5,4
129.2,0.5,15
129.22,0.5,8
129.24,0.5,3
129.26,0.5,1
129.28,0.5,3
129.3,0.5,4
129.32,0.5,6
129.34,0.5,6
129.36,0.5,5
129.38,0.5,7
129.4,0.5,4
129.42,0.5,7
129.44,0.5,7
129.46,0.5,6
129.48,0.5,11
129.5,0.5,7
129.52,0.5,3
129.54,0.5,6
129.56,0.5,8
129.58,0.5,3
129.6,0.5,10
129.62,0.5,3
129.64,0.5,2
129.66,0.5,6
129.68,0.5,5
129.7,0.5,4
129.72,0.5,4
129.74,0.5,8
129.76,0.5,4
129.78,0.5,10
129.8,0.5,3
129.82,0.5,2
129.84,0.5,6
129.86,0.5,4
129.88,0.5,3
129.9,0.5,6
129.92,0.5,6
129.94,0.5,6
129.96,0.5,5
129.98,0.5,7
